"President","Date","Approve","Disapprove","Inaug","Days"
"Trump",2017-12-12,36,59,"1/20/17",326
"Trump",2017-12-09,36,59,"1/20/17",323
"Trump",2017-12-06,37,59,"1/20/17",320
"Trump",2017-12-03,35,60,"1/20/17",317
"Trump",2017-11-30,34,60,"1/20/17",314
"Trump",2017-11-27,37,56,"1/20/17",311
"Trump",2017-11-24,38,55,"1/20/17",308
"Trump",2017-11-20,36,57,"1/20/17",304
"Trump",2017-11-17,39,56,"1/20/17",301
"Trump",2017-11-14,37,57,"1/20/17",298
"Trump",2017-11-11,39,55,"1/20/17",295
"Trump",2017-11-08,37,57,"1/20/17",292
"Trump",2017-11-05,37,57,"1/20/17",289
"Trump",2017-11-02,39,57,"1/20/17",286
"Trump",2017-10-30,34,62,"1/20/17",283
"Trump",2017-10-27,36,59,"1/20/17",280
"Trump",2017-10-24,36,59,"1/20/17",277
"Trump",2017-10-21,36,58,"1/20/17",274
"Trump",2017-10-18,36,59,"1/20/17",271
"Trump",2017-10-15,36,59,"1/20/17",268
"Trump",2017-10-12,39,54,"1/20/17",265
"Trump",2017-10-09,36,58,"1/20/17",262
"Trump",2017-10-06,39,56,"1/20/17",259
"Trump",2017-10-03,39,57,"1/20/17",256
"Trump",2017-09-30,38,57,"1/20/17",253
"Trump",2017-09-27,36,59,"1/20/17",250
"Trump",2017-09-24,39,54,"1/20/17",247
"Trump",2017-09-21,38,56,"1/20/17",244
"Trump",2017-09-18,39,55,"1/20/17",241
"Trump",2017-09-15,36,59,"1/20/17",238
"Trump",2017-09-12,37,57,"1/20/17",235
"Trump",2017-09-09,38,56,"1/20/17",232
"Trump",2017-09-06,36,57,"1/20/17",229
"Trump",2017-09-03,38,56,"1/20/17",226
"Trump",2017-08-31,34,61,"1/20/17",223
"Trump",2017-08-28,35,60,"1/20/17",220
"Trump",2017-08-25,35,60,"1/20/17",217
"Trump",2017-08-22,35,59,"1/20/17",214
"Trump",2017-08-19,36,58,"1/20/17",211
"Trump",2017-08-16,37,57,"1/20/17",208
"Trump",2017-08-13,34,61,"1/20/17",205
"Trump",2017-08-10,37,56,"1/20/17",202
"Trump",2017-08-07,37,59,"1/20/17",199
"Trump",2017-08-04,37,55,"1/20/17",196
"Trump",2017-08-01,36,60,"1/20/17",193
"Trump",2017-07-29,38,57,"1/20/17",190
"Trump",2017-07-26,39,55,"1/20/17",187
"Trump",2017-07-23,37,58,"1/20/17",184
"Trump",2017-07-20,37,58,"1/20/17",181
"Trump",2017-07-17,38,56,"1/20/17",178
"Trump",2017-07-14,38,57,"1/20/17",175
"Trump",2017-07-10,40,55,"1/20/17",171
"Trump",2017-07-07,38,56,"1/20/17",168
"Trump",2017-07-03,37,57,"1/20/17",164
"Trump",2017-06-30,38,57,"1/20/17",161
"Trump",2017-06-27,39,56,"1/20/17",158
"Trump",2017-06-24,38,57,"1/20/17",155
"Trump",2017-06-21,39,56,"1/20/17",152
"Trump",2017-06-18,38,56,"1/20/17",149
"Trump",2017-06-15,38,57,"1/20/17",146
"Trump",2017-06-12,36,60,"1/20/17",143
"Trump",2017-06-09,39,56,"1/20/17",140
"Trump",2017-06-06,38,57,"1/20/17",137
"Trump",2017-06-03,36,58,"1/20/17",134
"Trump",2017-05-31,40,54,"1/20/17",131
"Trump",2017-05-28,42,53,"1/20/17",128
"Trump",2017-05-25,41,54,"1/20/17",125
"Trump",2017-05-22,38,56,"1/20/17",122
"Trump",2017-05-19,37,56,"1/20/17",119
"Trump",2017-05-16,38,57,"1/20/17",116
"Trump",2017-05-13,39,56,"1/20/17",113
"Trump",2017-05-10,38,55,"1/20/17",110
"Trump",2017-05-07,42,53,"1/20/17",107
"Trump",2017-05-04,42,52,"1/20/17",104
"Trump",2017-05-01,42,54,"1/20/17",101
"Trump",2017-04-28,43,51,"1/20/17",98
"Trump",2017-04-25,39,56,"1/20/17",95
"Trump",2017-04-22,40,54,"1/20/17",92
"Trump",2017-04-19,43,50,"1/20/17",89
"Trump",2017-04-15,41,53,"1/20/17",85
"Trump",2017-04-12,40,54,"1/20/17",82
"Trump",2017-04-09,40,53,"1/20/17",79
"Trump",2017-04-06,40,54,"1/20/17",76
"Trump",2017-04-03,39,55,"1/20/17",73
"Trump",2017-03-31,40,56,"1/20/17",70
"Trump",2017-03-28,35,59,"1/20/17",67
"Trump",2017-03-25,40,54,"1/20/17",64
"Trump",2017-03-22,39,56,"1/20/17",61
"Trump",2017-03-19,39,55,"1/20/17",58
"Trump",2017-03-16,41,54,"1/20/17",55
"Trump",2017-03-13,39,55,"1/20/17",52
"Trump",2017-03-10,44,49,"1/20/17",49
"Trump",2017-03-07,42,53,"1/20/17",46
"Trump",2017-03-04,43,50,"1/20/17",43
"Trump",2017-03-01,43,51,"1/20/17",40
"Trump",2017-02-26,42,54,"1/20/17",37
"Trump",2017-02-23,43,52,"1/20/17",34
"Trump",2017-02-20,41,53,"1/20/17",31
"Trump",2017-02-17,40,55,"1/20/17",28
"Trump",2017-02-14,40,53,"1/20/17",25
"Trump",2017-02-11,40,55,"1/20/17",22
"Trump",2017-02-08,43,52,"1/20/17",19
"Trump",2017-02-05,42,52,"1/20/17",16
"Trump",2017-02-02,43,52,"1/20/17",13
"Trump",2017-01-30,43,51,"1/20/17",10
"Trump",2017-01-27,42,50,"1/20/17",7
"Trump",2017-01-24,46,45,"1/20/17",4
"Trump",2017-01-21,45,45,"1/20/17",1
"Bush 2",2009-01-11,34,61,"1/20/01",2913
"Bush 2",2008-12-14,29,67,"1/20/01",2885
"Bush 2",2008-12-07,32,61,"1/20/01",2878
"Bush 2",2008-11-16,29,66,"1/20/01",2857
"Bush 2",2008-11-09,28,68,"1/20/01",2850
"Bush 2",2008-11-02,25,70,"1/20/01",2843
"Bush 2",2008-10-26,31,66,"1/20/01",2836
"Bush 2",2008-10-12,25,71,"1/20/01",2822
"Bush 2",2008-10-05,25,70,"1/20/01",2815
"Bush 2",2008-09-27,27,69,"1/20/01",2807
"Bush 2",2008-09-07,33,64,"1/20/01",2787
"Bush 2",2008-08-23,29,66,"1/20/01",2772
"Bush 2",2008-08-10,33,61,"1/20/01",2759
"Bush 2",2008-07-27,32,65,"1/20/01",2745
"Bush 2",2008-07-13,31,61,"1/20/01",2731
"Bush 2",2008-06-19,28,68,"1/20/01",2707
"Bush 2",2008-06-12,30,64,"1/20/01",2700
"Bush 2",2008-06-01,28,68,"1/20/01",2689
"Bush 2",2008-05-03,28,67,"1/20/01",2660
"Bush 2",2008-04-20,28,69,"1/20/01",2647
"Bush 2",2008-04-09,28,67,"1/20/01",2636
"Bush 2",2008-03-16,32,64,"1/20/01",2612
"Bush 2",2008-03-09,32,64,"1/20/01",2605
"Bush 2",2008-02-24,32,62,"1/20/01",2591
"Bush 2",2008-02-14,31,65,"1/20/01",2581
"Bush 2",2008-02-10,33,61,"1/20/01",2577
"Bush 2",2008-02-02,34,61,"1/20/01",2569
"Bush 2",2008-01-13,34,60,"1/20/01",2549
"Bush 2",2008-01-06,32,64,"1/20/01",2542
"Bush 2",2007-12-16,32,65,"1/20/01",2521
"Bush 2",2007-12-09,37,57,"1/20/01",2514
"Bush 2",2007-12-02,34,62,"1/20/01",2507
"Bush 2",2007-11-14,32,61,"1/20/01",2489
"Bush 2",2007-11-04,31,64,"1/20/01",2479
"Bush 2",2007-10-14,32,64,"1/20/01",2458
"Bush 2",2007-10-07,32,64,"1/20/01",2451
"Bush 2",2007-09-16,36,62,"1/20/01",2430
"Bush 2",2007-09-08,33,62,"1/20/01",2422
"Bush 2",2007-08-16,32,63,"1/20/01",2399
"Bush 2",2007-08-05,34,62,"1/20/01",2388
"Bush 2",2007-07-15,31,63,"1/20/01",2367
"Bush 2",2007-07-08,29,66,"1/20/01",2360
"Bush 2",2007-06-14,32,65,"1/20/01",2336
"Bush 2",2007-06-03,32,62,"1/20/01",2325
"Bush 2",2007-05-13,33,62,"1/20/01",2304
"Bush 2",2007-05-06,34,63,"1/20/01",2297
"Bush 2",2007-04-15,36,60,"1/20/01",2276
"Bush 2",2007-04-05,38,58,"1/20/01",2266
"Bush 2",2007-03-25,34,62,"1/20/01",2255
"Bush 2",2007-03-14,35,61,"1/20/01",2244
"Bush 2",2007-03-04,33,63,"1/20/01",2234
"Bush 2",2007-02-11,37,59,"1/20/01",2213
"Bush 2",2007-02-04,32,65,"1/20/01",2206
"Bush 2",2007-01-14,34,63,"1/20/01",2185
"Bush 2",2007-01-07,37,59,"1/20/01",2178
"Bush 2",2006-12-14,35,61,"1/20/01",2154
"Bush 2",2006-12-10,38,59,"1/20/01",2150
"Bush 2",2006-11-12,33,62,"1/20/01",2122
"Bush 2",2006-11-05,38,56,"1/20/01",2115
"Bush 2",2006-10-22,37,58,"1/20/01",2101
"Bush 2",2006-10-12,37,57,"1/20/01",2091
"Bush 2",2006-10-08,37,59,"1/20/01",2087
"Bush 2",2006-09-17,44,51,"1/20/01",2066
"Bush 2",2006-09-10,39,56,"1/20/01",2059
"Bush 2",2006-08-20,42,54,"1/20/01",2038
"Bush 2",2006-08-10,37,59,"1/20/01",2028
"Bush 2",2006-07-30,40,56,"1/20/01",2017
"Bush 2",2006-07-23,37,59,"1/20/01",2010
"Bush 2",2006-07-09,40,55,"1/20/01",1996
"Bush 2",2006-06-25,37,60,"1/20/01",1982
"Bush 2",2006-06-11,38,56,"1/20/01",1968
"Bush 2",2006-06-04,36,57,"1/20/01",1961
"Bush 2",2006-05-11,33,61,"1/20/01",1937
"Bush 2",2006-05-07,31,65,"1/20/01",1933
"Bush 2",2006-04-30,34,63,"1/20/01",1926
"Bush 2",2006-04-13,36,59,"1/20/01",1909
"Bush 2",2006-04-09,37,60,"1/20/01",1905
"Bush 2",2006-03-16,37,59,"1/20/01",1881
"Bush 2",2006-03-12,36,60,"1/20/01",1877
"Bush 2",2006-03-01,38,60,"1/20/01",1866
"Bush 2",2006-02-12,39,56,"1/20/01",1849
"Bush 2",2006-02-09,42,55,"1/20/01",1846
"Bush 2",2006-01-22,43,54,"1/20/01",1828
"Bush 2",2006-01-12,43,53,"1/20/01",1818
"Bush 2",2006-01-08,43,54,"1/20/01",1814
"Bush 2",2005-12-22,43,53,"1/20/01",1797
"Bush 2",2005-12-18,41,56,"1/20/01",1793
"Bush 2",2005-12-11,42,55,"1/20/01",1786
"Bush 2",2005-12-08,43,51,"1/20/01",1783
"Bush 2",2005-11-20,38,56,"1/20/01",1765
"Bush 2",2005-11-13,36,60,"1/20/01",1758
"Bush 2",2005-11-10,40,54,"1/20/01",1755
"Bush 2",2005-10-30,40,56,"1/20/01",1744
"Bush 2",2005-10-27,40,55,"1/20/01",1741
"Bush 2",2005-10-23,41,54,"1/20/01",1737
"Bush 2",2005-10-16,39,57,"1/20/01",1730
"Bush 2",2005-09-28,45,50,"1/20/01",1712
"Bush 2",2005-09-18,39,57,"1/20/01",1702
"Bush 2",2005-09-15,44,52,"1/20/01",1699
"Bush 2",2005-09-11,46,50,"1/20/01",1695
"Bush 2",2005-08-30,45,52,"1/20/01",1683
"Bush 2",2005-08-25,39,55,"1/20/01",1678
"Bush 2",2005-08-11,45,50,"1/20/01",1664
"Bush 2",2005-07-24,48,47,"1/20/01",1646
"Bush 2",2005-07-10,48,48,"1/20/01",1632
"Bush 2",2005-06-26,41,52,"1/20/01",1618
"Bush 2",2005-06-19,47,50,"1/20/01",1611
"Bush 2",2005-06-08,47,48,"1/20/01",1600
"Bush 2",2005-05-26,47,47,"1/20/01",1587
"Bush 2",2005-05-22,45,50,"1/20/01",1583
"Bush 2",2005-05-05,50,45,"1/20/01",1566
"Bush 2",2005-05-01,47,49,"1/20/01",1562
"Bush 2",2005-04-21,47,48,"1/20/01",1552
"Bush 2",2005-04-07,50,44,"1/20/01",1538
"Bush 2",2005-04-02,47,48,"1/20/01",1533
"Bush 2",2005-03-20,51,44,"1/20/01",1520
"Bush 2",2005-03-10,52,43,"1/20/01",1510
"Bush 2",2005-02-27,52,45,"1/20/01",1499
"Bush 2",2005-02-24,51,45,"1/20/01",1496
"Bush 2",2005-02-10,48,47,"1/20/01",1482
"Bush 2",2005-02-06,57,39,"1/20/01",1478
"Bush 2",2005-01-09,51,44,"1/20/01",1450
"Bush 2",2005-01-05,51,44,"1/20/01",1446
"Bush 2",2004-12-19,49,46,"1/20/01",1429
"Bush 2",2004-12-08,52,44,"1/20/01",1418
"Bush 2",2004-11-10,53,44,"1/20/01",1390
"Bush 2",2004-10-31,47,47,"1/20/01",1380
"Bush 2",2004-10-24,50,46,"1/20/01",1373
"Bush 2",2004-10-16,51,46,"1/20/01",1365
"Bush 2",2004-10-14,48,48,"1/20/01",1363
"Bush 2",2004-10-10,47,48,"1/20/01",1359
"Bush 2",2004-10-03,49,48,"1/20/01",1352
"Bush 2",2004-09-26,53,44,"1/20/01",1345
"Bush 2",2004-09-15,51,45,"1/20/01",1334
"Bush 2",2004-09-05,51,46,"1/20/01",1324
"Bush 2",2004-08-25,49,46,"1/20/01",1313
"Bush 2",2004-08-11,51,45,"1/20/01",1299
"Bush 2",2004-07-31,46,49,"1/20/01",1288
"Bush 2",2004-07-21,48,47,"1/20/01",1278
"Bush 2",2004-07-11,47,49,"1/20/01",1268
"Bush 2",2004-06-29,52,44,"1/20/01",1256
"Bush 2",2004-06-23,47,48,"1/20/01",1250
"Bush 2",2004-06-06,48,49,"1/20/01",1233
"Bush 2",2004-05-23,46,48,"1/20/01",1219
"Bush 2",2004-05-09,46,50,"1/20/01",1205
"Bush 2",2004-05-04,48,48,"1/20/01",1200
"Bush 2",2004-04-18,51,44,"1/20/01",1184
"Bush 2",2004-04-08,51,45,"1/20/01",1174
"Bush 2",2004-03-28,54,43,"1/20/01",1163
"Bush 2",2004-03-11,51,45,"1/20/01",1146
"Bush 2",2004-03-07,50,46,"1/20/01",1142
"Bush 2",2004-02-17,52,45,"1/20/01",1123
"Bush 2",2004-02-12,51,45,"1/20/01",1118
"Bush 2",2004-02-08,51,44,"1/20/01",1114
"Bush 2",2004-02-01,51,46,"1/20/01",1107
"Bush 2",2004-01-15,53,43,"1/20/01",1090
"Bush 2",2004-01-11,58,37,"1/20/01",1086
"Bush 2",2004-01-05,60,35,"1/20/01",1080
"Bush 2",2003-12-16,62,34,"1/20/01",1060
"Bush 2",2003-12-14,55,40,"1/20/01",1058
"Bush 2",2003-11-16,50,46,"1/20/01",1030
"Bush 2",2003-11-05,53,43,"1/20/01",1019
"Bush 2",2003-10-27,62,34,"1/20/01",1010
"Bush 2",2003-10-26,53,42,"1/20/01",1009
"Bush 2",2003-10-12,55,40,"1/20/01",995
"Bush 2",2003-10-08,54,41,"1/20/01",991
"Bush 2",2003-09-21,49,47,"1/20/01",974
"Bush 2",2003-09-10,52,42,"1/20/01",963
"Bush 2",2003-08-26,59,37,"1/20/01",948
"Bush 2",2003-08-06,60,35,"1/20/01",928
"Bush 2",2003-07-20,59,37,"1/20/01",911
"Bush 2",2003-07-09,62,33,"1/20/01",900
"Bush 2",2003-06-29,61,35,"1/20/01",890
"Bush 2",2003-06-15,56,36,"1/20/01",876
"Bush 2",2003-06-10,61,34,"1/20/01",871
"Bush 2",2003-06-01,63,32,"1/20/01",862
"Bush 2",2003-05-21,65,30,"1/20/01",851
"Bush 2",2003-05-07,69,28,"1/20/01",837
"Bush 2",2003-04-23,70,26,"1/20/01",823
"Bush 2",2003-04-16,70,24,"1/20/01",816
"Bush 2",2003-04-09,68,26,"1/20/01",809
"Bush 2",2003-04-06,70,26,"1/20/01",806
"Bush 2",2003-03-30,70,25,"1/20/01",799
"Bush 2",2003-03-25,69,27,"1/20/01",794
"Bush 2",2003-03-23,70,25,"1/20/01",792
"Bush 2",2003-03-15,58,37,"1/20/01",784
"Bush 2",2003-03-05,57,37,"1/20/01",774
"Bush 2",2003-02-26,56,37,"1/20/01",767
"Bush 2",2003-02-19,57,37,"1/20/01",760
"Bush 2",2003-02-09,61,33,"1/20/01",750
"Bush 2",2003-02-06,59,34,"1/20/01",747
"Bush 2",2003-02-02,60,35,"1/20/01",743
"Bush 2",2003-01-25,59,35,"1/20/01",735
"Bush 2",2003-01-22,58,35,"1/20/01",732
"Bush 2",2003-01-16,61,33,"1/20/01",726
"Bush 2",2003-01-12,57,37,"1/20/01",722
"Bush 2",2003-01-05,63,31,"1/20/01",715
"Bush 2",2002-12-22,61,32,"1/20/01",701
"Bush 2",2002-12-17,63,32,"1/20/01",696
"Bush 2",2002-12-08,63,29,"1/20/01",687
"Bush 2",2002-11-14,66,25,"1/20/01",663
"Bush 2",2002-11-10,68,26,"1/20/01",659
"Bush 2",2002-11-03,63,29,"1/20/01",652
"Bush 2",2002-10-22,66,28,"1/20/01",640
"Bush 2",2002-10-17,62,30,"1/20/01",635
"Bush 2",2002-10-06,67,27,"1/20/01",624
"Bush 2",2002-09-25,67,26,"1/20/01",613
"Bush 2",2002-09-18,66,29,"1/20/01",606
"Bush 2",2002-09-16,70,25,"1/20/01",604
"Bush 2",2002-09-08,65,30,"1/20/01",596
"Bush 2",2002-09-04,66,28,"1/20/01",592
"Bush 2",2002-08-21,65,27,"1/20/01",578
"Bush 2",2002-07-31,70,23,"1/20/01",557
"Bush 2",2002-07-28,68,25,"1/20/01",554
"Bush 2",2002-07-24,68,24,"1/20/01",550
"Bush 2",2002-07-11,72,21,"1/20/01",537
"Bush 2",2002-07-08,75,18,"1/20/01",534
"Bush 2",2002-06-23,73,20,"1/20/01",519
"Bush 2",2002-06-19,74,19,"1/20/01",515
"Bush 2",2002-06-08,74,18,"1/20/01",504
"Bush 2",2002-06-06,70,23,"1/20/01",502
"Bush 2",2002-05-29,76,16,"1/20/01",494
"Bush 2",2002-05-22,76,17,"1/20/01",487
"Bush 2",2002-05-09,75,19,"1/20/01",474
"Bush 2",2002-05-01,77,19,"1/20/01",466
"Bush 2",2002-04-24,76,16,"1/20/01",459
"Bush 2",2002-04-11,74,19,"1/20/01",446
"Bush 2",2002-04-07,75,19,"1/20/01",442
"Bush 2",2002-03-24,78,17,"1/20/01",428
"Bush 2",2002-03-20,79,15,"1/20/01",424
"Bush 2",2002-03-09,79,14,"1/20/01",413
"Bush 2",2002-03-07,76,18,"1/20/01",411
"Bush 2",2002-03-03,80,14,"1/20/01",407
"Bush 2",2002-02-10,81,13,"1/20/01",386
"Bush 2",2002-02-06,81,14,"1/20/01",382
"Bush 2",2002-01-27,84,13,"1/20/01",372
"Bush 2",2002-01-14,82,12,"1/20/01",359
"Bush 2",2001-12-16,85,10,"1/20/01",330
"Bush 2",2001-12-09,85,10,"1/20/01",323
"Bush 2",2001-11-27,87,8,"1/20/01",311
"Bush 2",2001-11-15,84,11,"1/20/01",299
"Bush 2",2001-11-11,86,9,"1/20/01",295
"Bush 2",2001-11-04,87,8,"1/20/01",288
"Bush 2",2001-10-21,88,9,"1/20/01",274
"Bush 2",2001-10-14,89,8,"1/20/01",267
"Bush 2",2001-10-07,87,9,"1/20/01",260
"Bush 2",2001-09-22,89,6,"1/20/01",245
"Bush 2",2001-09-15,85,9,"1/20/01",238
"Bush 2",2001-09-11,51,39,"1/20/01",234
"Bush 2",2001-08-26,55,35,"1/20/01",218
"Bush 2",2001-08-19,57,33,"1/20/01",211
"Bush 2",2001-08-12,57,35,"1/20/01",204
"Bush 2",2001-08-05,55,34,"1/20/01",197
"Bush 2",2001-07-22,55,33,"1/20/01",183
"Bush 2",2001-07-11,57,34,"1/20/01",172
"Bush 2",2001-07-01,52,34,"1/20/01",162
"Bush 2",2001-06-28,50,42,"1/20/01",159
"Bush 2",2001-06-17,52,34,"1/20/01",148
"Bush 2",2001-06-10,55,35,"1/20/01",141
"Bush 2",2001-05-20,55,35,"1/20/01",120
"Bush 2",2001-05-14,56,31,"1/20/01",114
"Bush 2",2001-05-09,53,32,"1/20/01",109
"Bush 2",2001-04-22,62,29,"1/20/01",92
"Bush 2",2001-04-08,59,29,"1/20/01",78
"Bush 2",2001-03-28,52,29,"1/20/01",67
"Bush 2",2001-03-11,58,28,"1/20/01",50
"Bush 2",2001-03-07,62,21,"1/20/01",46
"Bush 2",2001-02-21,61,21,"1/20/01",32
"Bush 2",2001-02-11,57,24,"1/20/01",22
"Bush 2",2001-02-04,57,25,"1/20/01",15
"Clinton",2001-01-14,66,29,"1/20/93",2916
"Clinton",2001-01-07,63,31,"1/20/93",2909
"Clinton",2000-12-17,71,26,"1/20/93",2888
"Clinton",2000-12-04,59,35,"1/20/93",2875
"Clinton",2000-11-15,63,32,"1/20/93",2856
"Clinton",2000-10-26,56,38,"1/20/93",2836
"Clinton",2000-10-09,58,36,"1/20/93",2819
"Clinton",2000-09-13,60,34,"1/20/93",2793
"Clinton",2000-09-03,62,35,"1/20/93",2783
"Clinton",2000-08-19,61,35,"1/20/93",2768
"Clinton",2000-08-12,57,38,"1/20/93",2761
"Clinton",2000-08-05,63,32,"1/20/93",2754
"Clinton",2000-07-26,56,39,"1/20/93",2744
"Clinton",2000-07-16,59,36,"1/20/93",2734
"Clinton",2000-07-09,59,35,"1/20/93",2727
"Clinton",2000-06-25,54,39,"1/20/93",2713
"Clinton",2000-06-07,59,36,"1/20/93",2695
"Clinton",2000-05-21,57,36,"1/20/93",2678
"Clinton",2000-05-07,57,36,"1/20/93",2664
"Clinton",2000-04-30,58,39,"1/20/93",2657
"Clinton",2000-04-02,62,33,"1/20/93",2629
"Clinton",2000-03-19,55,39,"1/20/93",2615
"Clinton",2000-03-12,63,34,"1/20/93",2608
"Clinton",2000-02-27,56,39,"1/20/93",2594
"Clinton",2000-02-15,61,34,"1/20/93",2582
"Clinton",2000-02-05,62,33,"1/20/93",2572
"Clinton",2000-01-26,64,31,"1/20/93",2562
"Clinton",2000-01-19,61,35,"1/20/93",2555
"Clinton",2000-01-16,59,36,"1/20/93",2552
"Clinton",2000-01-10,63,34,"1/20/93",2546
"Clinton",1999-12-21,57,35,"1/20/93",2526
"Clinton",1999-12-12,56,41,"1/20/93",2517
"Clinton",1999-11-21,59,36,"1/20/93",2496
"Clinton",1999-11-07,58,38,"1/20/93",2482
"Clinton",1999-10-24,59,35,"1/20/93",2468
"Clinton",1999-10-10,56,38,"1/20/93",2454
"Clinton",1999-09-26,59,37,"1/20/93",2440
"Clinton",1999-09-14,60,38,"1/20/93",2428
"Clinton",1999-08-26,59,35,"1/20/93",2409
"Clinton",1999-08-18,59,35,"1/20/93",2401
"Clinton",1999-08-04,60,35,"1/20/93",2387
"Clinton",1999-07-25,64,30,"1/20/93",2377
"Clinton",1999-07-18,57,38,"1/20/93",2370
"Clinton",1999-07-14,58,36,"1/20/93",2366
"Clinton",1999-06-27,57,40,"1/20/93",2349
"Clinton",1999-06-13,61,34,"1/20/93",2335
"Clinton",1999-06-05,59,35,"1/20/93",2327
"Clinton",1999-05-23,56,39,"1/20/93",2314
"Clinton",1999-05-09,60,35,"1/20/93",2300
"Clinton",1999-05-02,60,36,"1/20/93",2293
"Clinton",1999-04-27,59,35,"1/20/93",2288
"Clinton",1999-04-14,59,35,"1/20/93",2275
"Clinton",1999-04-07,58,35,"1/20/93",2268
"Clinton",1999-03-31,64,31,"1/20/93",2261
"Clinton",1999-03-21,64,33,"1/20/93",2251
"Clinton",1999-03-14,61,34,"1/20/93",2244
"Clinton",1999-03-07,67,28,"1/20/93",2237
"Clinton",1999-02-28,65,30,"1/20/93",2230
"Clinton",1999-02-21,66,29,"1/20/93",2223
"Clinton",1999-02-13,66,31,"1/20/93",2215
"Clinton",1999-02-09,69,27,"1/20/93",2211
"Clinton",1999-02-09,62,34,"1/20/93",2211
"Clinton",1999-02-08,65,33,"1/20/93",2210
"Clinton",1999-02-07,59,37,"1/20/93",2209
"Clinton",1999-01-27,67,31,"1/20/93",2198
"Clinton",1999-01-24,69,29,"1/20/93",2195
"Clinton",1999-01-17,69,29,"1/20/93",2188
"Clinton",1999-01-10,67,30,"1/20/93",2181
"Clinton",1999-01-06,63,34,"1/20/93",2177
"Clinton",1998-12-13,63,34,"1/20/93",2153
"Clinton",1998-12-06,65,29,"1/20/93",2146
"Clinton",1998-11-22,65,30,"1/20/93",2132
"Clinton",1998-11-15,65,31,"1/20/93",2125
"Clinton",1998-11-01,65,30,"1/20/93",2111
"Clinton",1998-10-25,65,31,"1/20/93",2104
"Clinton",1998-10-12,65,31,"1/20/93",2091
"Clinton",1998-10-07,63,33,"1/20/93",2086
"Clinton",1998-09-24,65,30,"1/20/93",2073
"Clinton",1998-09-21,65,31,"1/20/93",2070
"Clinton",1998-09-20,59,34,"1/20/93",2069
"Clinton",1998-09-15,63,34,"1/20/93",2064
"Clinton",1998-09-12,63,34,"1/20/93",2061
"Clinton",1998-09-10,59,36,"1/20/93",2059
"Clinton",1998-09-01,62,32,"1/20/93",2050
"Clinton",1998-08-23,61,34,"1/20/93",2041
"Clinton",1998-08-20,60,34,"1/20/93",2038
"Clinton",1998-08-18,65,29,"1/20/93",2036
"Clinton",1998-08-17,61,32,"1/20/93",2035
"Clinton",1998-08-12,64,29,"1/20/93",2030
"Clinton",1998-08-08,63,31,"1/20/93",2026
"Clinton",1998-07-29,64,31,"1/20/93",2016
"Clinton",1998-07-14,63,31,"1/20/93",2001
"Clinton",1998-07-08,61,33,"1/20/93",1995
"Clinton",1998-06-23,60,33,"1/20/93",1980
"Clinton",1998-06-07,60,33,"1/20/93",1964
"Clinton",1998-05-10,64,30,"1/20/93",1936
"Clinton",1998-04-19,63,30,"1/20/93",1915
"Clinton",1998-04-01,67,28,"1/20/93",1897
"Clinton",1998-03-22,65,28,"1/20/93",1887
"Clinton",1998-03-16,66,29,"1/20/93",1881
"Clinton",1998-03-09,63,31,"1/20/93",1874
"Clinton",1998-02-22,65,29,"1/20/93",1859
"Clinton",1998-02-15,66,29,"1/20/93",1852
"Clinton",1998-02-01,68,28,"1/20/93",1838
"Clinton",1998-01-28,66,27,"1/20/93",1834
"Clinton",1998-01-26,59,37,"1/20/93",1832
"Clinton",1998-01-25,60,35,"1/20/93",1831
"Clinton",1998-01-18,59,30,"1/20/93",1824
"Clinton",1998-01-07,59,31,"1/20/93",1813
"Clinton",1997-12-21,55,36,"1/20/93",1796
"Clinton",1997-11-23,60,30,"1/20/93",1768
"Clinton",1997-11-09,58,31,"1/20/93",1754
"Clinton",1997-10-29,58,32,"1/20/93",1743
"Clinton",1997-10-05,55,35,"1/20/93",1719
"Clinton",1997-09-28,57,32,"1/20/93",1712
"Clinton",1997-09-07,60,27,"1/20/93",1691
"Clinton",1997-08-25,60,33,"1/20/93",1678
"Clinton",1997-08-13,60,32,"1/20/93",1666
"Clinton",1997-07-27,58,34,"1/20/93",1649
"Clinton",1997-06-29,55,35,"1/20/93",1621
"Clinton",1997-06-01,56,35,"1/20/93",1593
"Clinton",1997-05-07,57,35,"1/20/93",1568
"Clinton",1997-04-20,54,37,"1/20/93",1551
"Clinton",1997-04-13,54,36,"1/20/93",1544
"Clinton",1997-03-26,59,35,"1/20/93",1526
"Clinton",1997-02-26,56,32,"1/20/93",1498
"Clinton",1997-02-02,59,30,"1/20/93",1474
"Clinton",1997-01-13,61,30,"1/20/93",1454
"Clinton",1997-01-05,57,34,"1/20/93",1446
"Clinton",1996-12-11,57,34,"1/20/93",1421
"Clinton",1996-11-24,57,34,"1/20/93",1404
"Clinton",1996-10-27,54,36,"1/20/93",1376
"Clinton",1996-10-02,58,34,"1/20/93",1351
"Clinton",1996-09-01,60,33,"1/20/93",1320
"Clinton",1996-08-25,52,39,"1/20/93",1313
"Clinton",1996-08-18,52,39,"1/20/93",1306
"Clinton",1996-08-07,57,36,"1/20/93",1295
"Clinton",1996-07-28,57,35,"1/20/93",1285
"Clinton",1996-07-21,56,35,"1/20/93",1278
"Clinton",1996-06-30,51,41,"1/20/93",1257
"Clinton",1996-06-19,57,36,"1/20/93",1246
"Clinton",1996-05-29,53,38,"1/20/93",1225
"Clinton",1996-05-12,54,38,"1/20/93",1208
"Clinton",1996-04-28,56,36,"1/20/93",1194
"Clinton",1996-04-10,53,40,"1/20/93",1176
"Clinton",1996-03-17,52,38,"1/20/93",1152
"Clinton",1996-03-10,54,37,"1/20/93",1145
"Clinton",1996-02-25,53,40,"1/20/93",1131
"Clinton",1996-01-29,52,42,"1/20/93",1104
"Clinton",1996-01-15,46,46,"1/20/93",1090
"Clinton",1996-01-07,42,49,"1/20/93",1082
"Clinton",1995-12-18,50,43,"1/20/93",1062
"Clinton",1995-11-18,53,37,"1/20/93",1032
"Clinton",1995-11-08,52,40,"1/20/93",1022
"Clinton",1995-10-22,49,39,"1/20/93",1005
"Clinton",1995-10-07,46,42,"1/20/93",990
"Clinton",1995-09-24,47,43,"1/20/93",977
"Clinton",1995-09-17,43,43,"1/20/93",970
"Clinton",1995-08-30,45,43,"1/20/93",952
"Clinton",1995-08-07,45,42,"1/20/93",929
"Clinton",1995-07-23,46,43,"1/20/93",914
"Clinton",1995-07-09,47,43,"1/20/93",900
"Clinton",1995-06-06,46,42,"1/20/93",867
"Clinton",1995-05-14,50,42,"1/20/93",844
"Clinton",1995-04-24,50,39,"1/20/93",824
"Clinton",1995-04-19,46,45,"1/20/93",819
"Clinton",1995-04-06,46,44,"1/20/93",806
"Clinton",1995-03-29,43,47,"1/20/93",798
"Clinton",1995-03-19,44,45,"1/20/93",788
"Clinton",1995-02-26,42,47,"1/20/93",767
"Clinton",1995-02-05,48,44,"1/20/93",746
"Clinton",1995-01-18,46,45,"1/20/93",728
"Clinton",1994-12-30,40,51,"1/20/93",709
"Clinton",1994-12-18,42,52,"1/20/93",697
"Clinton",1994-12-05,42,50,"1/20/93",684
"Clinton",1994-11-29,43,48,"1/20/93",678
"Clinton",1994-11-06,45,46,"1/20/93",655
"Clinton",1994-10-25,47,46,"1/20/93",643
"Clinton",1994-10-19,41,52,"1/20/93",637
"Clinton",1994-10-09,42,51,"1/20/93",627
"Clinton",1994-09-25,43,51,"1/20/93",613
"Clinton",1994-09-18,42,50,"1/20/93",606
"Clinton",1994-09-07,39,53,"1/20/93",595
"Clinton",1994-08-16,39,51,"1/20/93",573
"Clinton",1994-08-09,43,48,"1/20/93",566
"Clinton",1994-07-17,42,48,"1/20/93",543
"Clinton",1994-07-03,43,48,"1/20/93",529
"Clinton",1994-06-28,44,47,"1/20/93",524
"Clinton",1994-06-12,49,43,"1/20/93",508
"Clinton",1994-06-06,45,47,"1/20/93",502
"Clinton",1994-05-22,50,42,"1/20/93",487
"Clinton",1994-04-24,48,44,"1/20/93",459
"Clinton",1994-04-18,50,40,"1/20/93",453
"Clinton",1994-03-30,50,42,"1/20/93",434
"Clinton",1994-03-27,52,40,"1/20/93",431
"Clinton",1994-03-13,50,41,"1/20/93",417
"Clinton",1994-03-08,50,41,"1/20/93",412
"Clinton",1994-02-28,53,40,"1/20/93",404
"Clinton",1994-01-30,57,34,"1/20/93",375
"Clinton",1994-01-17,53,38,"1/20/93",362
"Clinton",1994-01-08,54,38,"1/20/93",353
"Clinton",1993-12-19,47,42,"1/20/93",333
"Clinton",1993-12-06,52,38,"1/20/93",320
"Clinton",1993-11-21,47,43,"1/20/93",305
"Clinton",1993-11-16,49,42,"1/20/93",300
"Clinton",1993-11-04,47,44,"1/20/93",288
"Clinton",1993-10-30,47,44,"1/20/93",283
"Clinton",1993-10-18,47,44,"1/20/93",271
"Clinton",1993-10-10,50,41,"1/20/93",263
"Clinton",1993-09-26,56,34,"1/20/93",249
"Clinton",1993-09-15,46,42,"1/20/93",238
"Clinton",1993-09-12,46,41,"1/20/93",235
"Clinton",1993-08-25,44,46,"1/20/93",217
"Clinton",1993-08-10,43,47,"1/20/93",202
"Clinton",1993-07-21,41,48,"1/20/93",182
"Clinton",1993-07-11,49,43,"1/20/93",172
"Clinton",1993-06-30,45,47,"1/20/93",161
"Clinton",1993-06-21,38,50,"1/20/93",152
"Clinton",1993-06-06,36,49,"1/20/93",137
"Clinton",1993-05-23,43,45,"1/20/93",123
"Clinton",1993-05-12,45,44,"1/20/93",112
"Clinton",1993-04-24,55,37,"1/20/93",94
"Clinton",1993-03-31,51,36,"1/20/93",70
"Clinton",1993-03-14,53,34,"1/20/93",53
"Clinton",1993-02-28,58,28,"1/20/93",39
"Clinton",1993-02-14,51,33,"1/20/93",25
"Clinton",1993-01-31,53,30,"1/20/93",11
"Clinton",1993-01-26,58,20,"1/20/93",6
"Bush 1",1993-01-11,56,37,"1/20/89",1452
"Bush 1",1992-12-20,49,40,"1/20/89",1430
"Bush 1",1992-12-06,48,47,"1/20/89",1416
"Bush 1",1992-11-22,42,46,"1/20/89",1402
"Bush 1",1992-11-22,42,46,"1/20/89",1402
"Bush 1",1992-10-23,37,58,"1/20/89",1372
"Bush 1",1992-10-14,34,56,"1/20/89",1363
"Bush 1",1992-10-13,29,59,"1/20/89",1362
"Bush 1",1992-10-03,33,57,"1/20/89",1352
"Bush 1",1992-09-20,36,53,"1/20/89",1339
"Bush 1",1992-09-15,39,54,"1/20/89",1334
"Bush 1",1992-09-11,35,58,"1/20/89",1330
"Bush 1",1992-09-02,39,53,"1/20/89",1321
"Bush 1",1992-08-23,39,54,"1/20/89",1311
"Bush 1",1992-08-21,37,55,"1/20/89",1309
"Bush 1",1992-08-14,36,57,"1/20/89",1302
"Bush 1",1992-08-12,35,58,"1/20/89",1300
"Bush 1",1992-08-07,34,59,"1/20/89",1295
"Bush 1",1992-08-02,29,59,"1/20/89",1290
"Bush 1",1992-07-26,31,59,"1/20/89",1283
"Bush 1",1992-07-24,31,59,"1/20/89",1281
"Bush 1",1992-07-01,38,54,"1/20/89",1258
"Bush 1",1992-06-14,36,54,"1/20/89",1241
"Bush 1",1992-06-08,36,56,"1/20/89",1235
"Bush 1",1992-05-20,41,51,"1/20/89",1216
"Bush 1",1992-05-14,40,48,"1/20/89",1210
"Bush 1",1992-05-10,40,52,"1/20/89",1206
"Bush 1",1992-04-22,42,47,"1/20/89",1188
"Bush 1",1992-04-12,39,53,"1/20/89",1178
"Bush 1",1992-03-29,41,51,"1/20/89",1164
"Bush 1",1992-03-28,40,48,"1/20/89",1163
"Bush 1",1992-03-22,40,49,"1/20/89",1157
"Bush 1",1992-03-12,41,46,"1/20/89",1147
"Bush 1",1992-03-01,41,52,"1/20/89",1136
"Bush 1",1992-02-27,38,50,"1/20/89",1133
"Bush 1",1992-02-21,41,51,"1/20/89",1127
"Bush 1",1992-02-20,38,47,"1/20/89",1126
"Bush 1",1992-02-09,43,47,"1/20/89",1115
"Bush 1",1992-02-02,46,48,"1/20/89",1108
"Bush 1",1992-01-28,43,51,"1/20/89",1103
"Bush 1",1992-01-19,45,47,"1/20/89",1094
"Bush 1",1992-01-06,46,46,"1/20/89",1081
"Bush 1",1991-11-24,51,39,"1/20/89",1038
"Bush 1",1991-10-27,62,29,"1/20/89",1010
"Bush 1",1991-10-20,65,26,"1/20/89",1003
"Bush 1",1991-10-13,65,27,"1/20/89",996
"Bush 1",1991-09-30,62,27,"1/20/89",983
"Bush 1",1991-09-29,66,24,"1/20/89",982
"Bush 1",1991-09-10,65,25,"1/20/89",963
"Bush 1",1991-09-03,68,22,"1/20/89",956
"Bush 1",1991-08-30,69,21,"1/20/89",952
"Bush 1",1991-08-25,73,18,"1/20/89",947
"Bush 1",1991-08-23,67,22,"1/20/89",945
"Bush 1",1991-08-11,70,21,"1/20/89",933
"Bush 1",1991-07-28,70,20,"1/20/89",919
"Bush 1",1991-07-25,67,23,"1/20/89",916
"Bush 1",1991-07-21,69,21,"1/20/89",912
"Bush 1",1991-07-14,71,20,"1/20/89",905
"Bush 1",1991-06-29,71,21,"1/20/89",890
"Bush 1",1991-06-20,69,19,"1/20/89",881
"Bush 1",1991-06-16,72,19,"1/20/89",877
"Bush 1",1991-06-02,73,17,"1/20/89",863
"Bush 1",1991-05-26,76,15,"1/20/89",856
"Bush 1",1991-05-19,76,15,"1/20/89",849
"Bush 1",1991-05-05,74,19,"1/20/89",835
"Bush 1",1991-04-28,76,15,"1/20/89",828
"Bush 1",1991-04-25,73,13,"1/20/89",825
"Bush 1",1991-04-14,77,12,"1/20/89",814
"Bush 1",1991-04-06,82,12,"1/20/89",806
"Bush 1",1991-03-30,81,11,"1/20/89",799
"Bush 1",1991-03-24,83,10,"1/20/89",793
"Bush 1",1991-03-17,86,9,"1/20/89",786
"Bush 1",1991-03-10,87,8,"1/20/89",779
"Bush 1",1991-03-07,79,14,"1/20/89",776
"Bush 1",1991-03-03,89,7,"1/20/89",772
"Bush 1",1991-02-24,80,13,"1/20/89",765
"Bush 1",1991-02-17,80,13,"1/20/89",758
"Bush 1",1991-02-15,79,15,"1/20/89",756
"Bush 1",1991-02-10,78,17,"1/20/89",751
"Bush 1",1991-02-07,74,18,"1/20/89",748
"Bush 1",1991-01-26,82,12,"1/20/89",736
"Bush 1",1991-01-25,86,9,"1/20/89",735
"Bush 1",1991-01-22,79,14,"1/20/89",732
"Bush 1",1991-01-20,82,11,"1/20/89",730
"Bush 1",1991-01-18,82,12,"1/20/89",728
"Bush 1",1991-01-13,64,24,"1/20/89",723
"Bush 1",1991-01-11,64,26,"1/20/89",721
"Bush 1",1991-01-06,58,30,"1/20/89",716
"Bush 1",1990-12-23,62,27,"1/20/89",702
"Bush 1",1990-12-16,62,30,"1/20/89",695
"Bush 1",1990-12-09,57,33,"1/20/89",688
"Bush 1",1990-12-07,62,27,"1/20/89",686
"Bush 1",1990-12-02,60,29,"1/20/89",681
"Bush 1",1990-11-25,51,36,"1/20/89",674
"Bush 1",1990-11-18,54,32,"1/20/89",667
"Bush 1",1990-11-16,58,32,"1/20/89",665
"Bush 1",1990-11-11,57,33,"1/20/89",660
"Bush 1",1990-10-28,54,35,"1/20/89",646
"Bush 1",1990-10-21,52,36,"1/20/89",639
"Bush 1",1990-10-19,56,32,"1/20/89",637
"Bush 1",1990-10-14,56,33,"1/20/89",632
"Bush 1",1990-10-09,66,22,"1/20/89",627
"Bush 1",1990-10-04,65,25,"1/20/89",622
"Bush 1",1990-09-30,67,19,"1/20/89",618
"Bush 1",1990-09-16,73,16,"1/20/89",604
"Bush 1",1990-09-12,54,34,"1/20/89",600
"Bush 1",1990-09-11,76,15,"1/20/89",599
"Bush 1",1990-09-02,74,17,"1/20/89",590
"Bush 1",1990-08-26,68,20,"1/20/89",583
"Bush 1",1990-08-26,75,16,"1/20/89",583
"Bush 1",1990-08-24,73,16,"1/20/89",581
"Bush 1",1990-08-19,74,16,"1/20/89",576
"Bush 1",1990-08-12,74,15,"1/20/89",569
"Bush 1",1990-08-12,61,26,"1/20/89",569
"Bush 1",1990-08-10,75,15,"1/20/89",567
"Bush 1",1990-07-22,60,25,"1/20/89",548
"Bush 1",1990-07-15,59,24,"1/20/89",541
"Bush 1",1990-07-13,64,26,"1/20/89",539
"Bush 1",1990-07-08,63,24,"1/20/89",534
"Bush 1",1990-06-17,69,16,"1/20/89",513
"Bush 1",1990-05-22,65,20,"1/20/89",487
"Bush 1",1990-05-22,67,19,"1/20/89",487
"Bush 1",1990-04-18,71,15,"1/20/89",453
"Bush 1",1990-04-08,67,16,"1/20/89",443
"Bush 1",1990-03-29,73,18,"1/20/89",433
"Bush 1",1990-03-11,68,18,"1/20/89",415
"Bush 1",1990-03-11,72,15,"1/20/89",415
"Bush 1",1990-02-18,73,15,"1/20/89",394
"Bush 1",1990-02-11,73,16,"1/20/89",387
"Bush 1",1990-01-08,66,15,"1/20/89",353
"Bush 1",1990-01-07,79,10,"1/20/89",352
"Bush 1",1989-12-10,71,20,"1/20/89",324
"Bush 1",1989-11-25,63,22,"1/20/89",309
"Bush 1",1989-11-12,69,17,"1/20/89",296
"Bush 1",1989-10-23,59,22,"1/20/89",276
"Bush 1",1989-10-08,67,20,"1/20/89",261
"Bush 1",1989-10-06,66,17,"1/20/89",259
"Bush 1",1989-10-01,66,18,"1/20/89",254
"Bush 1",1989-09-10,69,16,"1/20/89",233
"Bush 1",1989-08-27,64,18,"1/20/89",219
"Bush 1",1989-08-20,60,20,"1/20/89",212
"Bush 1",1989-08-13,69,18,"1/20/89",205
"Bush 1",1989-07-09,66,18,"1/20/89",170
"Bush 1",1989-06-22,63,16,"1/20/89",153
"Bush 1",1989-06-11,69,14,"1/20/89",142
"Bush 1",1989-06-02,62,18,"1/20/89",133
"Bush 1",1989-05-18,62,17,"1/20/89",118
"Bush 1",1989-05-12,61,22,"1/20/89",112
"Bush 1",1989-05-08,58,18,"1/20/89",108
"Bush 1",1989-05-07,56,22,"1/20/89",107
"Bush 1",1989-05-05,55,23,"1/20/89",105
"Bush 1",1989-04-16,57,15,"1/20/89",86
"Bush 1",1989-04-10,54,18,"1/20/89",80
"Bush 1",1989-03-13,56,16,"1/20/89",52
"Bush 1",1989-03-10,62,15,"1/20/89",49
"Bush 1",1989-03-02,62,13,"1/20/89",41
"Bush 1",1989-02-27,60,11,"1/20/89",38
"Bush 1",1989-01-26,51,6,"1/20/89",6
"Reagan",1988-12-29,63,29,"1/20/81",2900
"Reagan",1988-11-14,56,35,"1/20/81",2855
"Reagan",1988-09-11,53,37,"1/20/81",2791
"Reagan",1988-07-07,50,35,"1/20/81",2725
"Reagan",1988-05-15,49,37,"1/20/81",2672
"Reagan",1988-03-12,51,36,"1/20/81",2608
"Reagan",1988-03-10,51,41,"1/20/81",2606
"Reagan",1988-02-04,52,36,"1/20/81",2571
"Reagan",1987-12-15,51,35,"1/20/81",2520
"Reagan",1987-12-11,61,32,"1/20/81",2516
"Reagan",1987-11-06,52,38,"1/20/81",2481
"Reagan",1987-10-26,50,40,"1/20/81",2470
"Reagan",1987-10-26,50,40,"1/20/81",2470
"Reagan",1987-10-23,48,38,"1/20/81",2467
"Reagan",1987-10-09,47,41,"1/20/81",2453
"Reagan",1987-10-04,51,38,"1/20/81",2448
"Reagan",1987-09-03,51,36,"1/20/81",2417
"Reagan",1987-09-02,48,42,"1/20/81",2416
"Reagan",1987-07-13,48,43,"1/20/81",2365
"Reagan",1987-07-10,50,39,"1/20/81",2362
"Reagan",1987-06-01,45,40,"1/20/81",2323
"Reagan",1987-05-18,49,42,"1/20/81",2309
"Reagan",1987-04-30,47,44,"1/20/81",2291
"Reagan",1987-04-13,48,43,"1/20/81",2274
"Reagan",1987-03-18,46,43,"1/20/81",2248
"Reagan",1987-03-06,46,45,"1/20/81",2236
"Reagan",1987-02-27,40,52,"1/20/81",2229
"Reagan",1987-01-29,49,40,"1/20/81",2200
"Reagan",1987-01-19,48,42,"1/20/81",2190
"Reagan",1987-01-08,52,36,"1/20/81",2179
"Reagan",1986-12-05,47,43,"1/20/81",2145
"Reagan",1986-12-05,47,43,"1/20/81",2145
"Reagan",1986-10-02,64,28,"1/20/81",2081
"Reagan",1986-09-17,62,26,"1/20/81",2066
"Reagan",1986-08-21,63,28,"1/20/81",2039
"Reagan",1986-07-31,59,28,"1/20/81",2018
"Reagan",1986-07-14,63,27,"1/20/81",2001
"Reagan",1986-07-02,67,22,"1/20/81",1989
"Reagan",1986-06-16,67,23,"1/20/81",1973
"Reagan",1986-05-01,67,21,"1/20/81",1927
"Reagan",1986-04-20,61,28,"1/20/81",1916
"Reagan",1986-04-18,67,20,"1/20/81",1914
"Reagan",1986-04-14,61,28,"1/20/81",1910
"Reagan",1986-03-27,63,24,"1/20/81",1892
"Reagan",1986-03-10,63,25,"1/20/81",1875
"Reagan",1986-01-30,71,19,"1/20/81",1836
"Reagan",1986-01-13,63,27,"1/20/81",1819
"Reagan",1985-11-19,66,26,"1/20/81",1764
"Reagan",1985-11-18,65,23,"1/20/81",1763
"Reagan",1985-11-14,69,23,"1/20/81",1759
"Reagan",1985-10-14,62,29,"1/20/81",1728
"Reagan",1985-08-28,61,29,"1/20/81",1681
"Reagan",1985-08-14,65,25,"1/20/81",1667
"Reagan",1985-08-02,62,24,"1/20/81",1655
"Reagan",1985-07-18,67,20,"1/20/81",1640
"Reagan",1985-07-15,62,28,"1/20/81",1637
"Reagan",1985-06-21,65,25,"1/20/81",1613
"Reagan",1985-06-10,57,32,"1/20/81",1602
"Reagan",1985-05-20,55,36,"1/20/81",1581
"Reagan",1985-04-26,54,32,"1/20/81",1557
"Reagan",1985-04-15,52,37,"1/20/81",1546
"Reagan",1985-03-11,55,37,"1/20/81",1511
"Reagan",1985-03-01,57,30,"1/20/81",1501
"Reagan",1985-02-18,59,31,"1/20/81",1490
"Reagan",1985-01-28,63,28,"1/20/81",1469
"Reagan",1985-01-14,61,29,"1/20/81",1455
"Reagan",1985-01-04,59,29,"1/20/81",1445
"Reagan",1984-12-10,59,31,"1/20/81",1420
"Reagan",1984-12-03,61,30,"1/20/81",1413
"Reagan",1984-11-12,61,30,"1/20/81",1392
"Reagan",1984-10-29,58,32,"1/20/81",1378
"Reagan",1984-10-01,53,35,"1/20/81",1350
"Reagan",1984-09-24,56,36,"1/20/81",1343
"Reagan",1984-09-09,56,35,"1/20/81",1328
"Reagan",1984-08-12,53,38,"1/20/81",1300
"Reagan",1984-07-30,51,36,"1/20/81",1287
"Reagan",1984-07-16,55,34,"1/20/81",1273
"Reagan",1984-07-13,51,38,"1/20/81",1270
"Reagan",1984-07-09,53,35,"1/20/81",1266
"Reagan",1984-07-02,53,36,"1/20/81",1259
"Reagan",1984-06-22,54,36,"1/20/81",1249
"Reagan",1984-06-03,52,36,"1/20/81",1230
"Reagan",1984-05-21,53,38,"1/20/81",1217
"Reagan",1984-05-10,49,38,"1/20/81",1206
"Reagan",1984-04-26,48,38,"1/20/81",1192
"Reagan",1984-04-09,54,36,"1/20/81",1175
"Reagan",1984-03-19,53,38,"1/20/81",1154
"Reagan",1984-03-02,52,35,"1/20/81",1137
"Reagan",1984-02-13,55,35,"1/20/81",1119
"Reagan",1984-02-06,52,37,"1/20/81",1112
"Reagan",1984-01-30,55,36,"1/20/81",1105
"Reagan",1984-01-16,52,37,"1/20/81",1091
"Reagan",1983-12-12,53,37,"1/20/81",1056
"Reagan",1983-11-21,52,37,"1/20/81",1035
"Reagan",1983-10-14,45,43,"1/20/81",997
"Reagan",1983-09-13,47,42,"1/20/81",966
"Reagan",1983-09-12,47,41,"1/20/81",965
"Reagan",1983-08-22,42,46,"1/20/81",944
"Reagan",1983-08-15,43,44,"1/20/81",937
"Reagan",1983-08-08,43,46,"1/20/81",930
"Reagan",1983-08-02,44,42,"1/20/81",924
"Reagan",1983-07-25,42,46,"1/20/81",916
"Reagan",1983-06-27,46,43,"1/20/81",888
"Reagan",1983-06-13,43,45,"1/20/81",874
"Reagan",1983-05-23,45,42,"1/20/81",853
"Reagan",1983-05-16,43,45,"1/20/81",846
"Reagan",1983-05-02,42,46,"1/20/81",832
"Reagan",1983-04-18,40,49,"1/20/81",818
"Reagan",1983-03-14,40,49,"1/20/81",783
"Reagan",1983-01-31,35,56,"1/20/81",741
"Reagan",1983-01-24,37,52,"1/20/81",734
"Reagan",1983-01-11,36,54,"1/20/81",721
"Reagan",1982-12-13,41,50,"1/20/81",692
"Reagan",1982-11-22,43,46,"1/20/81",671
"Reagan",1982-11-08,42,47,"1/20/81",657
"Reagan",1982-10-18,41,47,"1/20/81",636
"Reagan",1982-09-20,42,47,"1/20/81",608
"Reagan",1982-08-24,41,45,"1/20/81",581
"Reagan",1982-08-16,40,48,"1/20/81",573
"Reagan",1982-08-02,40,46,"1/20/81",559
"Reagan",1982-07-26,42,46,"1/20/81",552
"Reagan",1982-06-28,44,45,"1/20/81",524
"Reagan",1982-06-14,44,45,"1/20/81",510
"Reagan",1982-05-17,44,44,"1/20/81",482
"Reagan",1982-05-03,44,45,"1/20/81",468
"Reagan",1982-04-26,43,47,"1/20/81",461
"Reagan",1982-04-05,45,46,"1/20/81",440
"Reagan",1982-03-15,46,44,"1/20/81",419
"Reagan",1982-02-08,46,43,"1/20/81",384
"Reagan",1982-01-25,47,41,"1/20/81",370
"Reagan",1982-01-05,49,39,"1/20/81",350
"Reagan",1981-12-14,48,41,"1/20/81",328
"Reagan",1981-11-23,54,36,"1/20/81",307
"Reagan",1981-11-16,48,40,"1/20/81",300
"Reagan",1981-11-03,54,34,"1/20/81",287
"Reagan",1981-09-21,51,37,"1/20/81",244
"Reagan",1981-08-17,59,29,"1/20/81",209
"Reagan",1981-08-03,59,28,"1/20/81",195
"Reagan",1981-07-27,55,30,"1/20/81",188
"Reagan",1981-07-20,59,29,"1/20/81",181
"Reagan",1981-06-29,57,30,"1/20/81",160
"Reagan",1981-06-16,58,28,"1/20/81",147
"Reagan",1981-06-08,58,28,"1/20/81",139
"Reagan",1981-05-11,68,21,"1/20/81",111
"Reagan",1981-04-13,66,19,"1/20/81",83
"Reagan",1981-03-31,66,18,"1/20/81",70
"Reagan",1981-02-16,55,17,"1/20/81",27
"Reagan",1981-02-02,51,13,"1/20/81",13
"Carter",1980-12-08,34,55,"1/20/77",1418
"Carter",1980-11-18,31,56,"1/20/77",1398
"Carter",1980-09-09,37,54,"1/20/77",1328
"Carter",1980-08-12,32,54,"1/20/77",1300
"Carter",1980-07-08,32,54,"1/20/77",1265
"Carter",1980-06-24,30,58,"1/20/77",1251
"Carter",1980-06-10,32,55,"1/20/77",1237
"Carter",1980-05-27,38,51,"1/20/77",1223
"Carter",1980-05-13,38,50,"1/20/77",1209
"Carter",1980-04-29,42,47,"1/20/77",1195
"Carter",1980-04-08,38,50,"1/20/77",1174
"Carter",1980-03-24,39,50,"1/20/77",1159
"Carter",1980-03-04,42,44,"1/20/77",1139
"Carter",1980-02-26,51,38,"1/20/77",1132
"Carter",1980-01-29,55,35,"1/20/77",1104
"Carter",1980-01-22,57,32,"1/20/77",1097
"Carter",1980-01-02,56,33,"1/20/77",1077
"Carter",1979-12-04,54,35,"1/20/77",1048
"Carter",1979-11-27,51,36,"1/20/77",1041
"Carter",1979-11-13,37,49,"1/20/77",1027
"Carter",1979-10-30,31,55,"1/20/77",1013
"Carter",1979-10-15,31,54,"1/20/77",998
"Carter",1979-10-02,28,58,"1/20/77",985
"Carter",1979-09-25,32,53,"1/20/77",978
"Carter",1979-09-04,29,55,"1/20/77",957
"Carter",1979-08-14,32,53,"1/20/77",936
"Carter",1979-08-07,33,54,"1/20/77",929
"Carter",1979-07-31,32,53,"1/20/77",922
"Carter",1979-07-30,32,53,"1/20/77",921
"Carter",1979-07-10,29,57,"1/20/77",901
"Carter",1979-06-26,28,59,"1/20/77",887
"Carter",1979-06-19,29,56,"1/20/77",880
"Carter",1979-05-29,29,55,"1/20/77",859
"Carter",1979-05-15,32,52,"1/20/77",845
"Carter",1979-05-01,37,48,"1/20/77",831
"Carter",1979-04-03,40,45,"1/20/77",803
"Carter",1979-03-20,42,43,"1/20/77",789
"Carter",1979-03-13,46,39,"1/20/77",782
"Carter",1979-02-27,39,47,"1/20/77",768
"Carter",1979-02-20,37,46,"1/20/77",761
"Carter",1979-01-30,42,42,"1/20/77",740
"Carter",1979-01-16,43,41,"1/20/77",726
"Carter",1979-01-02,50,35,"1/20/77",712
"Carter",1978-12-05,51,33,"1/20/77",684
"Carter",1978-11-28,50,33,"1/20/77",677
"Carter",1978-10-24,49,36,"1/20/77",642
"Carter",1978-09-19,47,34,"1/20/77",607
"Carter",1978-09-11,44,40,"1/20/77",599
"Carter",1978-09-05,42,41,"1/20/77",593
"Carter",1978-08-15,42,40,"1/20/77",572
"Carter",1978-08-08,40,43,"1/20/77",565
"Carter",1978-08-01,39,43,"1/20/77",558
"Carter",1978-07-18,38,44,"1/20/77",544
"Carter",1978-07-05,40,41,"1/20/77",531
"Carter",1978-06-13,42,42,"1/20/77",509
"Carter",1978-05-30,43,40,"1/20/77",495
"Carter",1978-05-16,42,43,"1/20/77",481
"Carter",1978-05-03,41,42,"1/20/77",468
"Carter",1978-04-25,41,41,"1/20/77",460
"Carter",1978-04-11,40,43,"1/20/77",446
"Carter",1978-03-28,47,38,"1/20/77",432
"Carter",1978-03-07,49,34,"1/20/77",411
"Carter",1978-03-01,48,33,"1/20/77",405
"Carter",1978-02-21,50,33,"1/20/77",397
"Carter",1978-02-11,46,34,"1/20/77",387
"Carter",1978-01-17,51,28,"1/20/77",362
"Carter",1978-01-03,54,26,"1/20/77",348
"Carter",1977-12-06,56,27,"1/20/77",320
"Carter",1977-11-15,55,29,"1/20/77",299
"Carter",1977-11-01,54,30,"1/20/77",285
"Carter",1977-10-25,51,30,"1/20/77",278
"Carter",1977-10-18,54,29,"1/20/77",271
"Carter",1977-10-11,54,29,"1/20/77",264
"Carter",1977-09-27,59,23,"1/20/77",250
"Carter",1977-09-06,53,29,"1/20/77",229
"Carter",1977-08-16,66,15,"1/20/77",208
"Carter",1977-08-02,59,22,"1/20/77",194
"Carter",1977-07-19,66,17,"1/20/77",180
"Carter",1977-07-05,62,22,"1/20/77",166
"Carter",1977-06-14,63,17,"1/20/77",145
"Carter",1977-05-31,62,19,"1/20/77",131
"Carter",1977-05-17,63,18,"1/20/77",117
"Carter",1977-05-09,65,18,"1/20/77",109
"Carter",1977-05-02,63,18,"1/20/77",102
"Carter",1977-04-12,63,17,"1/20/77",82
"Carter",1977-03-29,67,14,"1/20/77",68
"Carter",1977-03-22,71,10,"1/20/77",61
"Carter",1977-03-15,74,8,"1/20/77",54
"Carter",1977-03-01,70,9,"1/20/77",40
"Carter",1977-02-15,71,8,"1/20/77",26
"Carter",1977-02-07,66,8,"1/20/77",18
"Ford",1977-01-20,44,44,"8/9/74",895
"Ford",1976-06-08,45,39,"8/9/74",669
"Ford",1976-05-17,47,37,"8/9/74",647
"Ford",1976-04-12,48,41,"8/9/74",612
"Ford",1976-03-16,50,35,"8/9/74",585
"Ford",1976-03-01,50,39,"8/9/74",570
"Ford",1976-01-27,46,39,"8/9/74",536
"Ford",1975-12-30,45,41,"8/9/74",508
"Ford",1975-12-15,39,45,"8/9/74",493
"Ford",1975-12-02,45,37,"8/9/74",480
"Ford",1975-11-18,41,46,"8/9/74",466
"Ford",1975-10-28,44,43,"8/9/74",445
"Ford",1975-10-14,46,40,"8/9/74",431
"Ford",1975-10-06,47,36,"8/9/74",423
"Ford",1975-09-09,44,38,"8/9/74",396
"Ford",1975-08-12,46,38,"8/9/74",368
"Ford",1975-07-29,45,36,"8/9/74",354
"Ford",1975-06-24,51,33,"8/9/74",319
"Ford",1975-05-27,50,32,"8/9/74",291
"Ford",1975-05-05,39,43,"8/9/74",269
"Ford",1975-04-15,39,46,"8/9/74",249
"Ford",1975-04-01,43,36,"8/9/74",235
"Ford",1975-03-25,36,43,"8/9/74",228
"Ford",1975-03-04,38,44,"8/9/74",207
"Ford",1975-02-25,38,45,"8/9/74",200
"Ford",1975-01-28,38,43,"8/9/74",172
"Ford",1975-01-07,37,38,"8/9/74",151
"Ford",1974-12-03,42,41,"8/9/74",116
"Ford",1974-11-12,48,31,"8/9/74",95
"Ford",1974-11-05,47,33,"8/9/74",88
"Ford",1974-10-15,53,28,"8/9/74",67
"Ford",1974-10-08,52,28,"8/9/74",60
"Ford",1974-09-24,49,28,"8/9/74",46
"Ford",1974-09-03,66,12,"8/9/74",25
"Ford",1974-08-13,70,3,"8/9/74",4
"Nixon",1974-08-05,24,66,"1/20/69",2023
"Nixon",1974-07-09,23,62,"1/20/69",1996
"Nixon",1974-06-25,27,58,"1/20/69",1982
"Nixon",1974-06-18,25,61,"1/20/69",1975
"Nixon",1974-05-28,27,60,"1/20/69",1954
"Nixon",1974-05-20,26,61,"1/20/69",1946
"Nixon",1974-05-07,24,61,"1/20/69",1933
"Nixon",1974-04-30,25,57,"1/20/69",1926
"Nixon",1974-04-30,26,59,"1/20/69",1926
"Nixon",1974-04-09,25,61,"1/20/69",1905
"Nixon",1974-03-26,25,65,"1/20/69",1891
"Nixon",1974-03-12,26,62,"1/20/69",1877
"Nixon",1974-02-12,25,63,"1/20/69",1849
"Nixon",1974-02-12,26,63,"1/20/69",1849
"Nixon",1974-01-29,28,58,"1/20/69",1835
"Nixon",1974-01-15,26,63,"1/20/69",1821
"Nixon",1974-01-02,22,54,"1/20/69",1808
"Nixon",1973-12-04,28,60,"1/20/69",1779
"Nixon",1973-11-27,30,58,"1/20/69",1772
"Nixon",1973-10-30,26,62,"1/20/69",1744
"Nixon",1973-10-16,27,59,"1/20/69",1730
"Nixon",1973-10-02,29,56,"1/20/69",1716
"Nixon",1973-09-18,32,58,"1/20/69",1702
"Nixon",1973-09-04,33,55,"1/20/69",1688
"Nixon",1973-08-14,36,54,"1/20/69",1667
"Nixon",1973-07-03,39,49,"1/20/69",1625
"Nixon",1973-05-29,42,42,"1/20/69",1590
"Nixon",1973-05-08,44,45,"1/20/69",1569
"Nixon",1973-05-01,44,41,"1/20/69",1562
"Nixon",1973-05-01,44,42,"1/20/69",1562
"Nixon",1973-04-24,47,40,"1/20/69",1555
"Nixon",1973-04-03,53,36,"1/20/69",1534
"Nixon",1973-03-27,57,33,"1/20/69",1527
"Nixon",1973-02-13,65,25,"1/20/69",1485
"Nixon",1973-01-23,66,25,"1/20/69",1464
"Nixon",1973-01-09,51,36,"1/20/69",1450
"Nixon",1972-12-05,59,29,"1/20/69",1415
"Nixon",1972-11-30,62,28,"1/20/69",1410
"Nixon",1972-06-20,56,32,"1/20/69",1247
"Nixon",1972-06-13,59,30,"1/20/69",1240
"Nixon",1972-05-23,61,30,"1/20/69",1219
"Nixon",1972-04-25,53,36,"1/20/69",1191
"Nixon",1972-03-21,52,36,"1/20/69",1156
"Nixon",1972-02-29,55,31,"1/20/69",1135
"Nixon",1972-02-01,51,36,"1/20/69",1107
"Nixon",1972-01-04,49,39,"1/20/69",1079
"Nixon",1971-12-13,49,36,"1/20/69",1057
"Nixon",1971-11-02,49,36,"1/20/69",1016
"Nixon",1971-10-11,50,36,"1/20/69",994
"Nixon",1971-08-30,47,37,"1/20/69",952
"Nixon",1971-08-25,47,43,"1/20/69",947
"Nixon",1971-07-18,47,34,"1/20/69",909
"Nixon",1971-06-28,44,36,"1/20/69",889
"Nixon",1971-06-07,43,32,"1/20/69",868
"Nixon",1971-05-17,40,28,"1/20/69",847
"Nixon",1971-04-26,47,36,"1/20/69",826
"Nixon",1971-03-30,48,38,"1/20/69",799
"Nixon",1971-03-14,49,36,"1/20/69",783
"Nixon",1971-02-22,49,36,"1/20/69",763
"Nixon",1971-01-11,55,33,"1/20/69",721
"Nixon",1970-12-08,48,32,"1/20/69",687
"Nixon",1970-11-17,56,29,"1/20/69",666
"Nixon",1970-10-14,57,27,"1/20/69",632
"Nixon",1970-09-28,51,31,"1/20/69",616
"Nixon",1970-09-14,57,29,"1/20/69",602
"Nixon",1970-09-01,54,30,"1/20/69",589
"Nixon",1970-08-02,54,31,"1/20/69",559
"Nixon",1970-07-14,60,28,"1/20/69",540
"Nixon",1970-06-23,54,31,"1/20/69",519
"Nixon",1970-05-25,59,28,"1/20/69",490
"Nixon",1970-05-03,57,31,"1/20/69",468
"Nixon",1970-04-19,56,30,"1/20/69",454
"Nixon",1970-03-25,53,30,"1/20/69",429
"Nixon",1970-03-15,54,34,"1/20/69",419
"Nixon",1970-03-02,55,26,"1/20/69",406
"Nixon",1970-02-02,60,22,"1/20/69",378
"Nixon",1970-01-20,56,20,"1/20/69",365
"Nixon",1970-01-05,58,20,"1/20/69",350
"Nixon",1969-12-30,53,37,"1/20/69",344
"Nixon",1969-12-15,56,21,"1/20/69",329
"Nixon",1969-11-17,64,18,"1/20/69",301
"Nixon",1969-10-22,55,28,"1/20/69",275
"Nixon",1969-10-07,53,22,"1/20/69",260
"Nixon",1969-09-22,54,21,"1/20/69",245
"Nixon",1969-09-16,56,21,"1/20/69",239
"Nixon",1969-08-19,58,18,"1/20/69",211
"Nixon",1969-07-29,62,20,"1/20/69",190
"Nixon",1969-07-15,57,22,"1/20/69",176
"Nixon",1969-06-24,63,15,"1/20/69",155
"Nixon",1969-05-27,59,14,"1/20/69",127
"Nixon",1969-05-20,62,11,"1/20/69",120
"Nixon",1969-05-06,62,15,"1/20/69",106
"Nixon",1969-04-30,56,27,"1/20/69",100
"Nixon",1969-04-10,59,11,"1/20/69",80
"Nixon",1969-04-01,62,10,"1/20/69",71
"Nixon",1969-03-17,65,8,"1/20/69",56
"Nixon",1969-02-25,59,6,"1/20/69",36
"Nixon",1969-01-28,59,5,"1/20/69",8
"Johnson",1969-01-06,49,37,"11/23/63",1871
"Johnson",1968-12-10,44,43,"11/23/63",1844
"Johnson",1968-11-14,43,44,"11/23/63",1818
"Johnson",1968-10-01,41,50,"11/23/63",1774
"Johnson",1968-08-12,34,52,"11/23/63",1724
"Johnson",1968-07-16,39,47,"11/23/63",1697
"Johnson",1968-07-01,39,47,"11/23/63",1682
"Johnson",1968-06-18,42,44,"11/23/63",1669
"Johnson",1968-05-28,40,45,"11/23/63",1648
"Johnson",1968-05-07,46,42,"11/23/63",1627
"Johnson",1968-04-09,50,37,"11/23/63",1599
"Johnson",1968-02-27,41,48,"11/23/63",1557
"Johnson",1968-02-06,40,46,"11/23/63",1536
"Johnson",1968-01-09,48,38,"11/23/63",1508
"Johnson",1967-12-12,44,40,"11/23/63",1480
"Johnson",1967-11-21,41,45,"11/23/63",1459
"Johnson",1967-11-01,40,47,"11/23/63",1439
"Johnson",1967-10-11,37,50,"11/23/63",1418
"Johnson",1967-09-19,37,47,"11/23/63",1396
"Johnson",1967-08-29,38,48,"11/23/63",1375
"Johnson",1967-08-08,39,47,"11/23/63",1354
"Johnson",1967-07-18,46,39,"11/23/63",1333
"Johnson",1967-06-27,50,35,"11/23/63",1312
"Johnson",1967-06-07,43,39,"11/23/63",1292
"Johnson",1967-05-16,41,39,"11/23/63",1270
"Johnson",1967-04-24,48,36,"11/23/63",1248
"Johnson",1967-04-04,45,38,"11/23/63",1228
"Johnson",1967-03-14,44,41,"11/23/63",1207
"Johnson",1967-02-21,44,42,"11/23/63",1186
"Johnson",1967-01-31,45,36,"11/23/63",1165
"Johnson",1967-01-12,46,37,"11/23/63",1146
"Johnson",1966-12-13,43,46,"11/23/63",1116
"Johnson",1966-11-15,48,35,"11/23/63",1088
"Johnson",1966-10-26,44,40,"11/23/63",1068
"Johnson",1966-10-06,44,41,"11/23/63",1048
"Johnson",1966-08-23,46,38,"11/23/63",1004
"Johnson",1966-08-03,51,38,"11/23/63",984
"Johnson",1966-07-13,55,30,"11/23/63",963
"Johnson",1966-06-21,48,38,"11/23/63",941
"Johnson",1966-05-24,50,32,"11/23/63",913
"Johnson",1966-05-10,46,33,"11/23/63",899
"Johnson",1966-04-19,53,33,"11/23/63",878
"Johnson",1966-03-30,57,27,"11/23/63",858
"Johnson",1966-03-22,56,28,"11/23/63",850
"Johnson",1966-02-15,55,34,"11/23/63",815
"Johnson",1966-01-26,61,26,"11/23/63",795
"Johnson",1966-01-05,59,23,"11/23/63",774
"Johnson",1965-12-16,63,25,"11/23/63",754
"Johnson",1965-11-16,62,22,"11/23/63",724
"Johnson",1965-11-02,64,21,"11/23/63",710
"Johnson",1965-10-13,65,21,"11/23/63",690
"Johnson",1965-09-21,63,23,"11/23/63",668
"Johnson",1965-09-01,63,24,"11/23/63",648
"Johnson",1965-08-10,65,22,"11/23/63",626
"Johnson",1965-07-21,65,19,"11/23/63",606
"Johnson",1965-06-29,65,20,"11/23/63",584
"Johnson",1965-06-09,68,18,"11/23/63",564
"Johnson",1965-05-18,70,17,"11/23/63",542
"Johnson",1965-04-28,63,22,"11/23/63",522
"Johnson",1965-04-07,66,21,"11/23/63",501
"Johnson",1965-03-16,69,20,"11/23/63",479
"Johnson",1965-02-24,68,17,"11/23/63",459
"Johnson",1965-02-02,70,14,"11/23/63",437
"Johnson",1965-01-12,70,15,"11/23/63",416
"Johnson",1964-11-25,68,18,"11/23/63",368
"Johnson",1964-06-30,73,14,"11/23/63",220
"Johnson",1964-06-16,74,13,"11/23/63",206
"Johnson",1964-06-02,73,12,"11/23/63",192
"Johnson",1964-05-20,73,13,"11/23/63",179
"Johnson",1964-05-04,75,10,"11/23/63",163
"Johnson",1964-04-29,74,10,"11/23/63",158
"Johnson",1964-04-02,75,11,"11/23/63",131
"Johnson",1964-03-17,77,8,"11/23/63",115
"Johnson",1964-03-05,79,8,"11/23/63",103
"Johnson",1964-02-11,73,8,"11/23/63",80
"Johnson",1964-02-05,75,7,"11/23/63",74
"Johnson",1964-01-07,76,5,"11/23/63",45
"Johnson",1963-12-17,73,4,"11/23/63",24
"Johnson",1963-12-10,77,2,"11/23/63",17
"Kennedy",1963-11-13,58,30,"1/20/61",1027
"Kennedy",1963-10-09,58,28,"1/20/61",992
"Kennedy",1963-09-10,56,29,"1/20/61",963
"Kennedy",1963-08-20,62,25,"1/20/61",942
"Kennedy",1963-07-23,60,27,"1/20/61",914
"Kennedy",1963-05-28,63,24,"1/20/61",858
"Kennedy",1963-05-06,64,23,"1/20/61",836
"Kennedy",1963-05-02,63,24,"1/20/61",832
"Kennedy",1963-04-09,65,21,"1/20/61",809
"Kennedy",1963-03-13,66,19,"1/20/61",782
"Kennedy",1963-02-12,70,17,"1/20/61",753
"Kennedy",1963-01-16,73,14,"1/20/61",726
"Kennedy",1962-12-18,75,13,"1/20/61",697
"Kennedy",1962-11-21,72,13,"1/20/61",670
"Kennedy",1962-10-24,60,24,"1/20/61",642
"Kennedy",1962-09-25,62,22,"1/20/61",613
"Kennedy",1962-08-28,67,19,"1/20/61",585
"Kennedy",1962-07-31,65,22,"1/20/61",557
"Kennedy",1962-07-03,68,19,"1/20/61",529
"Kennedy",1962-05-29,70,18,"1/20/61",494
"Kennedy",1962-05-01,73,16,"1/20/61",466
"Kennedy",1962-04-04,77,12,"1/20/61",439
"Kennedy",1962-03-06,79,11,"1/20/61",410
"Kennedy",1962-02-13,77,11,"1/20/61",389
"Kennedy",1962-01-16,78,9,"1/20/61",361
"Kennedy",1961-12-05,76,10,"1/20/61",319
"Kennedy",1961-11-15,79,8,"1/20/61",299
"Kennedy",1961-10-24,76,12,"1/20/61",277
"Kennedy",1961-09-19,78,10,"1/20/61",242
"Kennedy",1961-08-29,75,11,"1/20/61",221
"Kennedy",1961-07-25,74,11,"1/20/61",186
"Kennedy",1961-06-21,71,13,"1/20/61",152
"Kennedy",1961-06-02,73,11,"1/20/61",133
"Kennedy",1961-05-15,74,10,"1/20/61",115
"Kennedy",1961-05-09,77,8,"1/20/61",109
"Kennedy",1961-05-03,83,5,"1/20/61",103
"Kennedy",1961-04-04,78,6,"1/20/61",74
"Kennedy",1961-03-15,72,7,"1/20/61",54
"Kennedy",1961-02-15,72,6,"1/20/61",26
"Eisenhower",1960-12-13,59,28,"1/20/53",2884
"Eisenhower",1960-12-06,68,31,"1/20/53",2877
"Eisenhower",1960-11-15,59,25,"1/20/53",2856
"Eisenhower",1960-10-23,57,31,"1/20/53",2833
"Eisenhower",1960-09-26,64,25,"1/20/53",2806
"Eisenhower",1960-09-14,58,28,"1/20/53",2794
"Eisenhower",1960-08-30,60,28,"1/20/53",2779
"Eisenhower",1960-08-09,63,24,"1/20/53",2758
"Eisenhower",1960-07-28,62,26,"1/20/53",2746
"Eisenhower",1960-07-14,49,33,"1/20/53",2732
"Eisenhower",1960-06-28,57,26,"1/20/53",2716
"Eisenhower",1960-06-14,60,23,"1/20/53",2702
"Eisenhower",1960-05-24,64,21,"1/20/53",2681
"Eisenhower",1960-04-26,61,21,"1/20/53",2653
"Eisenhower",1960-03-28,65,22,"1/20/53",2624
"Eisenhower",1960-03-07,63,22,"1/20/53",2603
"Eisenhower",1960-02-09,63,21,"1/20/53",2576
"Eisenhower",1960-01-11,66,17,"1/20/53",2547
"Eisenhower",1959-12-15,76,15,"1/20/53",2520
"Eisenhower",1959-12-08,66,18,"1/20/53",2513
"Eisenhower",1959-11-10,64,20,"1/20/53",2485
"Eisenhower",1959-10-14,66,19,"1/20/53",2458
"Eisenhower",1959-09-16,66,19,"1/20/53",2430
"Eisenhower",1959-07-28,60,26,"1/20/53",2380
"Eisenhower",1959-06-30,62,23,"1/20/53",2352
"Eisenhower",1959-06-03,63,20,"1/20/53",2325
"Eisenhower",1959-04-27,59,24,"1/20/53",2288
"Eisenhower",1959-03-31,62,22,"1/20/53",2261
"Eisenhower",1959-03-09,58,25,"1/20/53",2239
"Eisenhower",1959-02-09,58,25,"1/20/53",2211
"Eisenhower",1959-01-12,56,27,"1/20/53",2183
"Eisenhower",1958-12-08,56,32,"1/20/53",2148
"Eisenhower",1958-11-12,51,29,"1/20/53",2122
"Eisenhower",1958-10-13,56,26,"1/20/53",2092
"Eisenhower",1958-09-29,53,27,"1/20/53",2078
"Eisenhower",1958-09-15,56,29,"1/20/53",2064
"Eisenhower",1958-08-25,55,26,"1/20/53",2043
"Eisenhower",1958-08-04,57,26,"1/20/53",2022
"Eisenhower",1958-07-08,52,32,"1/20/53",1995
"Eisenhower",1958-05-26,53,31,"1/20/53",1952
"Eisenhower",1958-05-12,51,32,"1/20/53",1938
"Eisenhower",1958-04-14,54,30,"1/20/53",1910
"Eisenhower",1958-03-25,47,35,"1/20/53",1890
"Eisenhower",1958-03-04,50,32,"1/20/53",1869
"Eisenhower",1958-02-19,54,32,"1/20/53",1856
"Eisenhower",1958-01-22,57,27,"1/20/53",1828
"Eisenhower",1957-12-31,60,29,"1/20/53",1806
"Eisenhower",1957-11-12,57,27,"1/20/53",1757
"Eisenhower",1957-10-15,56,26,"1/20/53",1729
"Eisenhower",1957-09-24,57,27,"1/20/53",1708
"Eisenhower",1957-08-06,62,19,"1/20/53",1659
"Eisenhower",1957-07-23,64,22,"1/20/53",1645
"Eisenhower",1957-06-25,63,22,"1/20/53",1617
"Eisenhower",1957-06-11,63,22,"1/20/53",1603
"Eisenhower",1957-05-15,61,22,"1/20/53",1576
"Eisenhower",1957-04-30,62,22,"1/20/53",1561
"Eisenhower",1957-04-11,66,20,"1/20/53",1542
"Eisenhower",1957-03-20,65,19,"1/20/53",1520
"Eisenhower",1957-03-05,71,17,"1/20/53",1505
"Eisenhower",1957-02-12,72,15,"1/20/53",1484
"Eisenhower",1957-01-22,73,13,"1/20/53",1463
"Eisenhower",1956-12-19,77,11,"1/20/53",1429
"Eisenhower",1956-11-20,74,14,"1/20/53",1400
"Eisenhower",1956-08-01,67,19,"1/20/53",1289
"Eisenhower",1956-07-10,69,20,"1/20/53",1267
"Eisenhower",1956-06-13,72,18,"1/20/53",1240
"Eisenhower",1956-05-29,71,18,"1/20/53",1225
"Eisenhower",1956-05-08,69,16,"1/20/53",1204
"Eisenhower",1956-04-03,72,17,"1/20/53",1169
"Eisenhower",1956-03-06,72,17,"1/20/53",1141
"Eisenhower",1956-02-14,74,15,"1/20/53",1120
"Eisenhower",1956-01-24,76,13,"1/20/53",1099
"Eisenhower",1956-01-04,76,11,"1/20/53",1079
"Eisenhower",1955-12-06,74,12,"1/20/53",1050
"Eisenhower",1955-11-22,77,13,"1/20/53",1036
"Eisenhower",1955-09-13,70,16,"1/20/53",966
"Eisenhower",1955-08-23,70,15,"1/20/53",945
"Eisenhower",1955-08-02,75,11,"1/20/53",924
"Eisenhower",1955-07-12,72,17,"1/20/53",903
"Eisenhower",1955-06-22,67,15,"1/20/53",883
"Eisenhower",1955-06-08,69,15,"1/20/53",869
"Eisenhower",1955-05-17,67,16,"1/20/53",847
"Eisenhower",1955-04-19,69,14,"1/20/53",819
"Eisenhower",1955-03-22,64,22,"1/20/53",791
"Eisenhower",1955-03-01,70,16,"1/20/53",770
"Eisenhower",1955-02-15,72,15,"1/20/53",756
"Eisenhower",1955-01-18,69,17,"1/20/53",728
"Eisenhower",1955-01-05,69,17,"1/20/53",715
"Eisenhower",1954-11-30,68,23,"1/20/53",679
"Eisenhower",1954-11-16,57,23,"1/20/53",665
"Eisenhower",1954-10-13,61,25,"1/20/53",631
"Eisenhower",1954-09-21,65,21,"1/20/53",609
"Eisenhower",1954-08-24,61,22,"1/20/53",581
"Eisenhower",1954-08-03,67,18,"1/20/53",560
"Eisenhower",1954-07-21,74,20,"1/20/53",547
"Eisenhower",1954-06-30,64,21,"1/20/53",526
"Eisenhower",1954-06-17,61,23,"1/20/53",513
"Eisenhower",1954-05-26,61,23,"1/20/53",491
"Eisenhower",1954-04-13,68,21,"1/20/53",448
"Eisenhower",1954-04-03,60,22,"1/20/53",438
"Eisenhower",1954-03-17,64,22,"1/20/53",421
"Eisenhower",1954-02-23,66,21,"1/20/53",399
"Eisenhower",1954-01-26,70,17,"1/20/53",371
"Eisenhower",1954-01-07,70,18,"1/20/53",352
"Eisenhower",1953-12-09,68,21,"1/20/53",323
"Eisenhower",1953-11-05,61,25,"1/20/53",289
"Eisenhower",1953-10-14,64,19,"1/20/53",267
"Eisenhower",1953-09-17,60,20,"1/20/53",240
"Eisenhower",1953-08-20,73,14,"1/20/53",212
"Eisenhower",1953-07-23,72,12,"1/20/53",184
"Eisenhower",1953-05-14,73,10,"1/20/53",114
"Eisenhower",1953-04-24,73,10,"1/20/53",94
"Eisenhower",1953-04-02,73,7,"1/20/53",72
"Eisenhower",1953-02-20,66,7,"1/20/53",31
"Eisenhower",1953-02-05,68,7,"1/20/53",16
"Truman",1952-12-16,32,56,"1/20/45",2887
"Truman",1952-12-04,32,56,"1/20/45",2875
"Truman",1952-10-07,32,55,"1/20/45",2817
"Truman",1952-10-03,30,56,"1/20/45",2813
"Truman",1952-10-01,32,54,"1/20/45",2811
"Truman",1952-07-11,28,58,"1/20/45",2729
"Truman",1952-05-28,30,59,"1/20/45",2685
"Truman",1952-05-09,26,60,"1/20/45",2666
"Truman",1952-04-11,28,60,"1/20/45",2638
"Truman",1952-02-14,22,64,"1/20/45",2581
"Truman",1952-01-04,23,66,"1/20/45",2540
"Truman",1951-11-16,22,60,"1/20/45",2491
"Truman",1951-10-12,27,58,"1/20/45",2456
"Truman",1951-08-01,29,58,"1/20/45",2384
"Truman",1951-07-06,28,56,"1/20/45",2358
"Truman",1951-06-14,24,61,"1/20/45",2336
"Truman",1951-05-24,23,63,"1/20/45",2315
"Truman",1951-04-14,24,54,"1/20/45",2275
"Truman",1951-03-24,26,60,"1/20/45",2254
"Truman",1951-03-02,27,58,"1/20/45",2232
"Truman",1951-02-09,25,58,"1/20/45",2211
"Truman",1950-12-01,33,52,"1/20/45",2141
"Truman",1950-10-18,40,45,"1/20/45",2097
"Truman",1950-10-11,36,48,"1/20/45",2090
"Truman",1950-10-06,42,36,"1/20/45",2085
"Truman",1950-09-29,34,50,"1/20/45",2078
"Truman",1950-09-15,34,47,"1/20/45",2064
"Truman",1950-08-18,42,32,"1/20/45",2036
"Truman",1950-07-28,39,44,"1/20/45",2015
"Truman",1950-07-07,45,39,"1/20/45",1994
"Truman",1950-06-09,36,46,"1/20/45",1966
"Truman",1950-05-02,40,37,"1/20/45",1928
"Truman",1950-04-28,39,47,"1/20/45",1924
"Truman",1950-02-24,35,47,"1/20/45",1861
"Truman",1950-01-06,44,41,"1/20/45",1812
"Truman",1949-10-02,49,34,"1/20/45",1716
"Truman",1949-10-02,47,34,"1/20/45",1716
"Truman",1949-06-09,56,27,"1/20/45",1601
"Truman",1949-04-30,50,31,"1/20/45",1561
"Truman",1949-03-04,56,26,"1/20/45",1504
"Truman",1949-01-05,67,18,"1/20/45",1446
"Truman",1948-06-16,38,45,"1/20/45",1243
"Truman",1948-06-02,38,45,"1/20/45",1229
"Truman",1948-04-07,36,49,"1/20/45",1173
"Truman",1947-12-03,53,32,"1/20/45",1047
"Truman",1947-09-10,55,27,"1/20/45",963
"Truman",1947-07-09,59,26,"1/20/45",900
"Truman",1947-06-18,55,31,"1/20/45",879
"Truman",1947-05-28,64,23,"1/20/45",858
"Truman",1947-04-23,57,24,"1/20/45",823
"Truman",1947-03-26,63,21,"1/20/45",795
"Truman",1947-03-19,58,22,"1/20/45",788
"Truman",1947-01-15,49,37,"1/20/45",725
"Truman",1946-11-13,34,52,"1/20/45",662
"Truman",1946-10-21,27,56,"1/20/45",639
"Truman",1946-09-11,33,51,"1/20/45",599
"Truman",1946-06-12,45,42,"1/20/45",508
"Truman",1946-05-29,45,42,"1/20/45",494
"Truman",1946-03-27,50,33,"1/20/45",431
"Truman",1946-02-27,48,38,"1/20/45",403
"Truman",1946-01-03,63,22,"1/20/45",348
"Truman",1945-10-31,75,13,"1/20/45",284
"Truman",1945-10-03,80,8,"1/20/45",256
"Truman",1945-08-22,91,2,"1/20/45",214
"Truman",1945-05-29,86,2,"1/20/45",129
"Roosevelt",1943-12-15,65,23,"1/20/41",1059
"Roosevelt",1943-03-24,71,19,"1/20/41",793
"Roosevelt",1943-01-27,75,16,"1/20/41",737
"Roosevelt",1943-01-07,75,14,"1/20/41",717
"Roosevelt",1942-11-17,72,18,"1/20/41",666
"Roosevelt",1942-09-03,74,18,"1/20/41",591
"Roosevelt",1942-08-13,74,16,"1/20/41",570
"Roosevelt",1942-07-01,79,12,"1/20/41",527
"Roosevelt",1942-06-09,77,15,"1/20/41",505
"Roosevelt",1942-03-17,75,14,"1/20/41",421
"Roosevelt",1942-03-17,74,15,"1/20/41",421
"Roosevelt",1942-02-28,78,13,"1/20/41",404
"Roosevelt",1942-01-23,83,10,"1/20/41",368
"Roosevelt",1941-09-17,70,24,"1/20/41",240
"Roosevelt",1941-09-09,70,23,"1/20/41",232
"Roosevelt",1941-08-26,67,24,"1/20/41",218
"Roosevelt",1941-08-19,65,26,"1/20/41",211
"Roosevelt",1941-08-05,68,23,"1/20/41",197
"Roosevelt",1941-07-29,65,25,"1/20/41",190
"Roosevelt",1941-07-22,69,24,"1/20/41",183
"Obama",2015-12-21,46,50,"1/20/09",2526
"Obama",2015-04-18,44,51,"1/20/09",2279
"Obama",2015-05-16,48,48,"1/20/09",2307
"Obama",2014-02-13,40,52,"1/20/09",1850
"Obama",2012-06-16,45,49,"1/20/09",1243
"Obama",2016-08-18,51,45,"1/20/09",2767
"Obama",2015-04-16,47,50,"1/20/09",2277
"Obama",2013-09-12,45,47,"1/20/09",1696
"Obama",2014-07-28,40,54,"1/20/09",2015
"Obama",2015-12-27,48,48,"1/20/09",2532
"Obama",2009-08-20,53,40,"1/20/09",212
"Obama",2012-08-01,45,49,"1/20/09",1289
"Obama",2010-11-07,47,46,"1/20/09",656
"Obama",2009-02-19,63,24,"1/20/09",30
"Obama",2014-11-05,41,53,"1/20/09",2115
"Obama",2015-09-16,46,50,"1/20/09",2430
"Obama",2012-04-02,48,44,"1/20/09",1168
"Obama",2012-06-05,46,47,"1/20/09",1232
"Obama",2010-01-29,47,47,"1/20/09",374
"Obama",2013-07-29,46,46,"1/20/09",1651
"Obama",2011-12-28,41,50,"1/20/09",1072
"Obama",2015-04-09,47,49,"1/20/09",2270
"Obama",2009-02-10,63,22,"1/20/09",21
"Obama",2012-05-22,47,47,"1/20/09",1218
"Obama",2014-05-13,45,49,"1/20/09",1939
"Obama",2012-12-14,50,43,"1/20/09",1424
"Obama",2009-08-30,51,42,"1/20/09",222
"Obama",2016-02-10,48,48,"1/20/09",2577
"Obama",2014-05-15,44,49,"1/20/09",1941
"Obama",2016-09-03,52,44,"1/20/09",2783
"Obama",2012-12-06,49,44,"1/20/09",1416
"Obama",2016-03-23,52,45,"1/20/09",2619
"Obama",2014-06-18,41,55,"1/20/09",1975
"Obama",2011-10-06,38,53,"1/20/09",989
"Obama",2011-01-09,49,43,"1/20/09",719
"Obama",2010-07-19,47,45,"1/20/09",545
"Obama",2011-08-09,41,51,"1/20/09",931
"Obama",2014-01-04,40,53,"1/20/09",1810
"Obama",2014-07-12,42,53,"1/20/09",1999
"Obama",2009-12-28,52,41,"1/20/09",342
"Obama",2015-06-26,47,49,"1/20/09",2348
"Obama",2012-10-16,49,45,"1/20/09",1365
"Obama",2015-03-25,44,52,"1/20/09",2255
"Obama",2016-05-18,49,46,"1/20/09",2675
"Obama",2015-05-21,42,53,"1/20/09",2312
"Obama",2014-10-03,41,55,"1/20/09",2082
"Obama",2015-01-28,47,49,"1/20/09",2199
"Obama",2015-03-07,47,49,"1/20/09",2237
"Obama",2009-09-08,51,41,"1/20/09",231
"Obama",2010-05-10,51,42,"1/20/09",475
"Obama",2009-06-14,61,31,"1/20/09",145
"Obama",2014-09-09,42,52,"1/20/09",2058
"Obama",2010-01-27,47,46,"1/20/09",372
"Obama",2016-08-15,51,45,"1/20/09",2764
"Obama",2011-05-28,46,45,"1/20/09",858
"Obama",2011-05-17,48,43,"1/20/09",847
"Obama",2015-04-01,46,49,"1/20/09",2262
"Obama",2016-01-06,47,48,"1/20/09",2542
"Obama",2015-01-22,47,49,"1/20/09",2193
"Obama",2011-04-19,42,49,"1/20/09",819
"Obama",2016-05-24,53,43,"1/20/09",2681
"Obama",2016-07-12,48,48,"1/20/09",2730
"Obama",2014-08-10,43,52,"1/20/09",2028
"Obama",2010-08-23,45,50,"1/20/09",580
"Obama",2012-03-25,46,45,"1/20/09",1160
"Obama",2013-05-09,50,43,"1/20/09",1570
"Obama",2010-11-12,42,49,"1/20/09",661
"Obama",2010-10-18,48,44,"1/20/09",636
"Obama",2011-12-12,45,48,"1/20/09",1056
"Obama",2011-01-15,49,42,"1/20/09",725
"Obama",2012-08-08,46,48,"1/20/09",1296
"Obama",2014-07-07,44,51,"1/20/09",1994
"Obama",2010-05-04,50,43,"1/20/09",469
"Obama",2013-11-07,43,50,"1/20/09",1752
"Obama",2009-03-17,61,28,"1/20/09",56
"Obama",2015-01-20,46,48,"1/20/09",2191
"Obama",2016-05-26,50,45,"1/20/09",2683
"Obama",2014-12-22,44,51,"1/20/09",2162
"Obama",2009-11-17,50,42,"1/20/09",301
"Obama",2013-12-01,41,52,"1/20/09",1776
"Obama",2012-09-01,43,48,"1/20/09",1320
"Obama",2012-06-02,46,47,"1/20/09",1229
"Obama",2016-09-16,53,45,"1/20/09",2796
"Obama",2012-06-15,45,49,"1/20/09",1242
"Obama",2014-08-30,42,51,"1/20/09",2048
"Obama",2010-09-22,44,47,"1/20/09",610
"Obama",2009-11-11,53,41,"1/20/09",295
"Obama",2011-07-15,42,50,"1/20/09",906
"Obama",2013-01-07,54,39,"1/20/09",1448
"Obama",2014-05-08,47,48,"1/20/09",1934
"Obama",2012-06-10,50,44,"1/20/09",1237
"Obama",2011-09-19,42,50,"1/20/09",972
"Obama",2012-03-11,49,43,"1/20/09",1146
"Obama",2015-03-18,46,48,"1/20/09",2248
"Obama",2016-10-26,53,44,"1/20/09",2836
"Obama",2012-06-23,51,45,"1/20/09",1250
"Obama",2014-11-29,44,51,"1/20/09",2139
"Obama",2010-02-06,49,44,"1/20/09",382
"Obama",2009-02-01,66,19,"1/20/09",12
"Obama",2015-05-11,46,48,"1/20/09",2302
"Obama",2012-08-16,44,50,"1/20/09",1304
"Obama",2010-08-13,43,48,"1/20/09",570
"Obama",2016-02-11,49,47,"1/20/09",2578
"Obama",2013-05-10,49,43,"1/20/09",1571
"Obama",2010-10-26,44,48,"1/20/09",644
"Obama",2016-02-07,47,50,"1/20/09",2574
"Obama",2012-02-15,43,48,"1/20/09",1121
"Obama",2014-07-08,42,54,"1/20/09",1995
"Obama",2015-11-03,49,47,"1/20/09",2478
"Obama",2016-04-23,50,46,"1/20/09",2650
"Obama",2015-06-30,46,50,"1/20/09",2352
"Obama",2016-09-02,51,45,"1/20/09",2782
"Obama",2015-06-05,45,50,"1/20/09",2327
"Obama",2014-12-30,47,48,"1/20/09",2170
"Obama",2010-02-23,51,43,"1/20/09",399
"Obama",2014-01-22,42,49,"1/20/09",1828
"Obama",2010-06-20,49,44,"1/20/09",516
"Obama",2014-02-08,41,51,"1/20/09",1845
"Obama",2016-04-05,51,44,"1/20/09",2632
"Obama",2009-09-27,51,40,"1/20/09",250
"Obama",2014-03-22,43,53,"1/20/09",1887
"Obama",2013-03-25,48,45,"1/20/09",1525
"Obama",2016-09-14,52,45,"1/20/09",2794
"Obama",2016-10-23,54,43,"1/20/09",2833
"Obama",2015-05-04,46,49,"1/20/09",2295
"Obama",2012-12-12,54,38,"1/20/09",1422
"Obama",2015-10-17,46,50,"1/20/09",2461
"Obama",2011-06-16,45,47,"1/20/09",877
"Obama",2010-07-01,49,44,"1/20/09",527
"Obama",2014-09-02,39,54,"1/20/09",2051
"Obama",2014-04-24,44,50,"1/20/09",1920
"Obama",2016-11-14,57,40,"1/20/09",2855
"Obama",2009-06-06,62,32,"1/20/09",137
"Obama",2015-06-20,44,50,"1/20/09",2342
"Obama",2011-07-09,46,45,"1/20/09",900
"Obama",2010-12-10,43,49,"1/20/09",689
"Obama",2015-12-13,46,50,"1/20/09",2518
"Obama",2012-11-19,53,42,"1/20/09",1399
"Obama",2013-12-11,42,49,"1/20/09",1786
"Obama",2016-06-07,50,46,"1/20/09",2695
"Obama",2012-06-04,46,46,"1/20/09",1231
"Obama",2010-09-19,47,46,"1/20/09",607
"Obama",2010-11-13,43,49,"1/20/09",662
"Obama",2012-08-28,43,47,"1/20/09",1316
"Obama",2012-08-04,45,47,"1/20/09",1292
"Obama",2009-11-10,51,42,"1/20/09",294
"Obama",2015-01-07,46,47,"1/20/09",2178
"Obama",2014-11-12,41,53,"1/20/09",2122
"Obama",2015-08-28,46,51,"1/20/09",2411
"Obama",2015-08-24,44,51,"1/20/09",2407
"Obama",2014-03-05,41,55,"1/20/09",1870
"Obama",2009-06-13,62,30,"1/20/09",144
"Obama",2014-08-29,41,52,"1/20/09",2047
"Obama",2015-01-16,47,49,"1/20/09",2187
"Obama",2015-10-26,49,48,"1/20/09",2470
"Obama",2015-07-22,45,50,"1/20/09",2374
"Obama",2015-10-08,45,50,"1/20/09",2452
"Obama",2015-06-18,44,50,"1/20/09",2340
"Obama",2014-03-06,42,55,"1/20/09",1871
"Obama",2014-05-29,45,51,"1/20/09",1955
"Obama",2015-11-27,46,49,"1/20/09",2502
"Obama",2013-05-12,48,45,"1/20/09",1573
"Obama",2010-08-22,44,49,"1/20/09",579
"Obama",2014-05-07,44,51,"1/20/09",1933
"Obama",2010-03-22,51,43,"1/20/09",426
"Obama",2011-06-07,49,41,"1/20/09",868
"Obama",2015-03-15,48,47,"1/20/09",2245
"Obama",2012-02-16,46,48,"1/20/09",1122
"Obama",2011-12-15,41,51,"1/20/09",1059
"Obama",2009-11-01,53,39,"1/20/09",285
"Obama",2012-04-10,45,45,"1/20/09",1176
"Obama",2014-03-24,45,50,"1/20/09",1889
"Obama",2009-08-25,51,44,"1/20/09",217
"Obama",2012-05-25,48,46,"1/20/09",1221
"Obama",2013-11-21,39,54,"1/20/09",1766
"Obama",2009-07-11,58,35,"1/20/09",172
"Obama",2014-12-18,43,52,"1/20/09",2158
"Obama",2012-07-07,46,46,"1/20/09",1264
"Obama",2009-09-18,52,42,"1/20/09",241
"Obama",2016-06-16,53,45,"1/20/09",2704
"Obama",2012-12-01,52,41,"1/20/09",1411
"Obama",2013-11-11,40,54,"1/20/09",1756
"Obama",2016-07-29,53,43,"1/20/09",2747
"Obama",2009-06-22,60,33,"1/20/09",153
"Obama",2009-01-28,64,17,"1/20/09",8
"Obama",2013-09-26,44,49,"1/20/09",1710
"Obama",2011-04-13,42,50,"1/20/09",813
"Obama",2012-09-03,45,48,"1/20/09",1322
"Obama",2014-09-01,42,52,"1/20/09",2050
"Obama",2011-03-26,46,46,"1/20/09",795
"Obama",2012-01-07,45,46,"1/20/09",1082
"Obama",2016-02-03,48,48,"1/20/09",2570
"Obama",2009-09-30,54,38,"1/20/09",253
"Obama",2010-07-09,46,47,"1/20/09",535
"Obama",2009-03-07,62,26,"1/20/09",46
"Obama",2011-12-18,42,50,"1/20/09",1062
"Obama",2009-04-28,63,31,"1/20/09",98
"Obama",2015-08-14,45,49,"1/20/09",2397
"Obama",2009-07-12,59,33,"1/20/09",173
"Obama",2015-04-13,45,50,"1/20/09",2274
