Country,Region,SurfaceArea,Population,PopDensity,SexRatio,GDP,GDPGrowth,GDPperCapita,PercentAgriculture,PercentIndustry,PercentServices,EmployAgriculture,EmployIndustry,EmployServices,Unemployment,LabourForceGenderRatio,AgProductionIndex,FoodProductionIndex,InternationalExports,InternationaImports,InternationalTradeBalance,BalanceOfPayments,PopGrowthRate,UrbanPop,UrbanPopGrowth,FertilityRate,LifeExpectancyGndrRatio,PopAgeDist,InterMigrantStock,Refugees,InfantMortRate,HealthExpend,Physicians,EduExpend,EduEnrollment,EduSecondaryEnrollment,EduTertiaryEnrollRatio,WomenInParliament,MobileCellSubscriptions,OnInternet,ThreatenedSpecies,PercentForest,CO2PerCapita,EnergyProduction,EnergyPerCapita
Afghanistan,SouthernAsia,652864,35530,54.4,106.3,20270,-2.4,623.2,23.3,23.3,53.3,61.6,10,28.5,8.6,0.23,125,125,1458,3568,-2110,-5121,3.2,26.7,4,5.3,1.040983607,10.53658537,318.6666667,1513.1,68.6,8.2,0.3,3.3,0.69224924,0.561527581,0.278195489,27.7,61.6,42,2.1,32.66666667,63,5,1.663829787
Albania,SouthernEurope,28748,2930,106.9,101.9,11541,2.6,3984.2,22.4,26,51.7,41.4,18.3,40.3,15.8,0.659016393,134,134,1962,4669,-2707,-1222,-0.1,57.4,2.2,1.7,1.056878307,0.915789474,28.8,8.8,14.6,5.9,1.3,3.5,0.967099567,0.936234818,1.39835729,22.9,106.4,130,28.2,2.85,84,36,0.996848739
Algeria,NorthernAfrica,2381741,41318,17.3,102,164779,3.8,4154.1,12.2,37.3,50.5,10.8,34.5,54.7,11.4,0.240452617,160,161,29992,47091,-17099,-27229,2,70.7,2.8,3,1.032388664,3.117021277,404,99.8,27.7,7.2,NA,NA,0.943096234,1.036697248,1.560553633,31.6,113,135,0.8,39.2972973,5900,55,1.030562347
American Samoa,Polynesia,199,56,278.2,103.6,NA,NA,NA,NA,NA,NA,NA,NA,NA,NA,NA,112,112,NA,NA,NA,NA,0,87.2,-0.1,2.6,1.094233474,3.7,0.555023923,NA,9.6,NA,NA,NA,NA,NA,NA,NA,NA,92,87.9,NA,NA,NA,1
Andorra,SouthernEurope,468,77,163.8,102.3,2812,0.8,39896.4,0.5,10.8,88.6,NA,NA,NA,NA,NA,NA,NA,100,1355,-1255,NA,-1.6,85.1,0.1,1.2,NA,0.757894737,0.70519263,NA,NA,8.1,3.7,3.3,NA,NA,NA,32.1,88.1,13,34,0.078125,1,119,1
Angola,MiddleAfrica,1246700,29784,23.9,96.2,117955,3,4714.1,6.8,51.2,42,4.2,37.6,58.2,6.6,0.775616083,175,176,21011,8790,12221,-10273,3.5,44.1,5,6,1.097560976,11.7,267,45.7,65.4,3.3,NA,NA,0.639898024,0.646723647,0.788461538,38.2,60.8,146,46.5,24.85714286,3902,25,2.673758865
Anguilla,Caribbean,91,15,165.7,97.6,320,2.9,21879.6,2.3,15.7,82,NA,NA,NA,NA,NA,NA,NA,2,154,-153,-48,1.2,100,1.2,NA,NA,3.065789474,0.147058824,0,NA,NA,NA,NA,NA,NA,NA,NA,177.9,52,61.1,0.010204082,0,136,NA
Antigua and Barbuda,Caribbean,442,102,231.8,92.3,1356,4.1,14764.5,1.9,18.3,79.8,NA,NA,NA,NA,NA,88,88,61,491,-429,-204,1.1,23.8,-0.9,2.1,1.066848568,2.19266055,0.918300654,0,9.1,5.5,NA,NA,0.941,1.021653543,2.059602649,11.1,137.2,55,22.3,0.086206897,NA,84,1
Argentina,SouthAmerica,2780400,44271,16.2,95.9,632343,2.4,14564.5,6,27.8,66.2,2,24.8,73.1,6.5,0.653225806,119,119,57733,55610,2124,-15944,1,91.8,1,2.3,1.105263158,1.616883117,434.6458333,5,13.7,4.8,3.8,5.3,0.996370236,1.066731141,1.620472441,38.9,143.9,256,10,43.40425532,3167,85,0.99
Armenia,WesternAsia,29743,2930,102.9,88.8,10529,3,3489.1,19,28.3,52.8,35,15.7,49.3,16.6,0.745283019,135,135,1776,3230,-1455,-279,0.3,62.7,-0.1,1.6,1.090651558,1.183431953,30.34920635,19.3,13.2,4.5,2.8,2.8,1,1.010215664,1.127403846,9.9,115.2,114,11.7,3.055555556,48,46,1
Aruba,Caribbean,180,105,584.8,90.4,2702,0.1,26005.4,0.5,15.4,84.1,0.6,14,85.1,NA,0.844827586,NA,NA,95,1117,-1022,96,0.5,41.5,-0.3,1.8,1.067215364,0.908629442,1.037356322,0,14.8,NA,NA,6.2,0.968933669,1.01631913,2.276595745,NA,135.7,32,2.3,0.107142857,1,120,1
Australia,Oceania,7692060,24451,3.2,99.3,1230859,2.4,51352.2,2.5,26.5,71.1,2.7,21.2,76.1,5.5,0.82602546,111,111,189630,189406,224,-57746,1.5,89.4,1.5,1.9,1.052369077,0.904761905,239.8475177,58.2,3.9,9.4,3.4,5.2,0.998044966,0.945506016,1.409814324,28.7,132.8,948,16.2,23.61437908,15282,222,1
Austria,WesternEurope,83871,8736,106,96.2,376967,1,44117.7,1.3,28.3,70.4,4.7,25.6,69.7,6.2,0.829787234,108,108,145503,149299,-3795,7020,0.6,66,0.4,1.4,1.06505102,0.561752988,85.28,166.4,3.3,11.2,5.2,5.5,0.985535198,0.953125,1.200538358,30.6,157.4,118,46.9,8.507246377,505,158,1
Azerbaijan,WesternAsia,86600,9828,118.9,99.3,53049,0.7,5438.7,6.7,49.9,43.4,36.7,14.2,49.1,5.2,0.901162791,131,136,9143,8532,611,-222,1.3,54.6,1.6,2.1,1.087463557,2.306930693,97.85185185,623.3,31.4,6,3.4,2.6,0.983240223,NA,1.165254237,16.8,111.3,97,13.5,9.615384615,2459,61,1.21722365
Bahamas,Caribbean,13940,395,39.5,95.9,8854,-1.7,22817.2,1.6,12.7,85.7,3.9,14.2,81.9,14.7,0.877370417,132,132,365,2904,-2539,-1409,1.4,82.9,1.5,1.8,1.084722222,1.518518519,3.875816993,0.1,9.1,7.7,NA,NA,NA,NA,NA,13.2,80.3,86,51.4,0.380952381,0,90,1
Bahrain,WesternAsia,771,1493,1963.9,168.3,31126,2.9,22600.2,0.3,40.7,59,1,33.4,65.6,1.3,0.453474676,167,167,12892,14749,-1856,1124,2,88.8,1.7,2.1,1.025132275,4.282608696,13.77886497,0.4,6.9,5,0.9,2.7,1.011928429,0.995117188,1.922330097,7.5,185.3,36,0.8,1.360869565,961,413,1
Bangladesh,SouthernAsia,147570,164670,1265,101.7,194466,6.6,1207.9,15.5,28.1,56.3,40.6,19.1,40.3,4,0.532675709,141,140,36031,52624,-16593,2687,1.2,34.3,3.6,2.2,1.044412607,3.890410959,1580.888889,233,33.3,2.8,0.4,1.9,1.078448276,1.127090301,0.74025974,20.3,83.4,151,11,146.4,1438,11,0.994252874
Barbados,Caribbean,431,286,664.5,91.9,4385,0.9,15429.4,1.7,12.1,86.2,2.8,19.3,77.9,11.3,0.882857143,88,88,517,1621,-1104,-248,0.3,31.5,0.1,1.8,1.065843621,0.90952381,2.851239669,0,9.6,7.5,NA,6.6,1.011815252,1.025949954,2.248138958,16.7,116.5,56,14.7,0.288888889,2,59,1
Belarus,EasternEurope,207600,9468,46.7,87,54609,-3.9,5750.8,7.5,38.9,53.6,9.6,32,58.4,0.5,0.796460177,122,122,23414,27464,-4050,-2037,0,76.7,0,1.6,1.168421053,0.784037559,94.99122807,7.9,3.6,5.7,4.1,4.9,0.999013807,0.987012987,1.326745718,34.5,123.6,25,42.5,9.47761194,155,122,1.008072654
Belgium,WesternEurope,30528,11429,377.5,97.3,455107,1.5,40277.8,0.7,22.2,77.1,1.2,21.2,77.6,8.3,0.81663837,108,107,398033,372713,25321,1936,0.6,97.9,0.5,1.8,1.064102564,0.695121951,112.8373984,63.8,3.5,10.6,3,6.6,1,1.136189258,1.313846154,38,115.7,37,22.6,11.25301205,520,196,1
Belize,CentralAmerica,22966,375,16.4,99.2,1721,1.2,4789.4,14.6,18.5,66.9,16.1,15.9,67.9,11.5,0.676610979,97,97,246,952,-706,-175,2.2,44,1.9,2.6,1.081845238,5.064516129,3.593333333,3.1,14.3,5.8,NA,6.4,0.953367876,1.025062657,1.603351955,9.4,48.9,117,60.1,0.357142857,9,36,0.989
Benin,WesternAfrica,114763,11176,99.1,99.5,8476,5.2,779.1,23.2,24.9,51.9,43.2,10.2,46.6,1,0.953678474,152,158,410,2630,-2220,-885,2.8,44,3.7,5.2,1.04957265,8.54,106.6956522,0.8,67.7,4.6,0.1,4.4,0.921758569,0.701649175,0.375,7.2,85.6,88,38.7,10.5,96,17,1.181692094
Bermuda,NorthernAmerica,53,61,1227,91.4,5853,0.4,94399.9,0.7,5.3,94,1.6,10.3,87.6,6.7,0.9075,115,115,8,971,-963,817,-0.6,100,0.2,1.5,1.098064516,0.59437751,0.62012987,NA,NA,NA,NA,1.7,0.979189485,1.11521418,2.319727891,NA,58,72,20,0.065217391,1,136,NA
Bhutan,SouthernAsia,38394,808,21.2,113.1,2074,5.2,2677.1,17.2,43.9,38.8,56.6,9.7,33.7,2.4,0.808163265,98,98,616,1688,-1072,-579,1.6,38.6,3.7,2.2,1.004373178,3.630136986,7.742424242,NA,30.5,3.6,0.3,7.4,1.00310559,1.07002457,0.73015873,8.5,87.1,71,72,0.769230769,75,82,1
Bolivia,SouthAmerica,1098581,11052,10.2,100.2,32998,4.8,3076.8,12.6,31,56.5,29.5,21.1,49.4,3.8,0.776029056,142,143,6969,8374,-1405,-1854,1.6,68.5,2.3,3,1.075038285,3.326315789,110,0.8,42.9,6.3,0.5,7.3,0.971573604,0.983926521,NA,53.1,92.2,231,50.8,10.73684211,962,32,1.279100529
Bonaire,Caribbean,NA,25,77.4,NA,NA,NA,NA,NA,NA,NA,NA,NA,NA,NA,NA,NA,NA,NA,NA,NA,NA,3.2,74.7,2.4,NA,NA,NA,0.248565966,NA,NA,NA,NA,NA,NA,NA,NA,NA,NA,56,NA,0.022556391,0,208,NA
Bosnia and Herzegovina,SouthernEurope,51209,3507,68.8,96.4,16251,3.1,4265,7.3,26.5,66.2,18,30.4,51.7,25.4,0.596521739,96,97,5327,9130,-3803,-923,-1,39.8,0.1,1.3,1.069199457,0.602564103,38.66666667,157.6,7.6,9.6,1.9,NA,NA,NA,NA,21.4,90.2,91,42.7,3.827586207,252,85,0.997
Botswana,SouthernAfrica,582000,2292,4,97.7,14391,-0.3,6360.6,2.4,33.4,64.2,25.7,14.9,59.4,18.6,0.901960784,110,110,7321,6103,1218,1120,1.8,57.4,1.3,2.9,1.105351171,4.90625,22.61971831,2.8,35.2,5.4,0.4,NA,0.967093236,NA,1.442708333,9.5,169,28,19.3,2.1875,47,44,1.07475623
Brazil,SouthAmerica,8515767,209288,25,96.6,1772591,-3.8,8528.3,5.2,22.7,72,15.2,21.5,63.2,12.4,0.716112532,135,136,185235,137552,47683,-58882,0.9,85.7,1.2,1.8,1.104225352,1.722222222,2378.666667,41.1,15.8,8.3,1.9,6,0.974315068,1.051440329,1.398584906,10.7,126.6,990,59.2,203.7692308,10948,61,1.149425287
British Virgin Islands,Caribbean,151,31,208,97.1,908,-1.1,30144.5,1,11.1,87.8,NA,NA,NA,NA,NA,103,103,0,444,-444,NA,2,46.2,1.8,NA,NA,NA,0.300869565,NA,NA,NA,NA,6.6,NA,NA,NA,NA,145.8,67,24.1,0.033333333,0,85,NA
Brunei,South-easternAsia,5765,429,81.3,106,12930,-0.6,30552.7,1.1,60.2,38.7,0.6,19.4,80.1,2.1,0.674666667,157,157,4875,2679,2197,2071,1.4,77.2,1.8,1.9,1.043941411,2.875,4.226337449,20.5,6.5,2.6,1.5,4.4,1.000925069,1.004171011,1.642553191,9.1,108.1,193,72.1,0.417431193,679,357,NA
Bulgaria,EasternEurope,111002,7085,65.3,94.6,48953,3,6846.8,5.1,27.6,67.2,6.5,29.4,64.1,8.1,0.806988353,117,119,26088,28875,-2787,196,-0.6,73.9,-0.3,1.5,1.098870056,0.512635379,72.92857143,33.7,8.3,8.4,4,4.1,0.989764585,0.969154229,1.267584098,19.2,129.3,104,35.1,7.186440678,474,103,1.006060606
Burkina Faso,WesternAfrica,272967,19193,70.2,99.5,11065,4.1,611.1,34.5,21.8,43.7,80,4.9,15.1,2.9,0.845303867,131,134,2019,3699,-1680,NA,3,29.9,5.9,5.6,1.022413793,11.58974359,180.6923077,32.7,64.8,5,0,4.1,0.957730812,0.917378917,0.520547945,11,80.6,31,19.8,28,123,9,1.286279683
Burundi,EasternAfrica,27830,10864,423.1,96.9,2735,-4.1,244.6,36.3,13.9,49.8,91.1,2.6,6.3,1.7,1.022974607,109,122,123,625,-502,-375,3,12.1,5.7,6,1.070110701,10.22727273,110.3076923,103.2,77.8,7.5,NA,5.4,1.011372868,0.91011236,0.311688312,36.4,46.2,61,10.6,NA,56,6,1.234417344
Cabo Verde,WesternAfrica,4033,546,135.6,99.3,1603,1.5,3080.2,9.5,19.8,70.7,27.2,11.5,61.3,10.5,0.634751773,98,98,29,485,-455,-73,1.2,65.5,2,2.5,1.055634807,4.376811594,5.137931034,0.1,22.5,4.8,0.3,5,0.947695035,1.120866591,1.392265193,23.6,127.2,65,22.1,0.5,2,17,1.07674685
Cambodia,South-easternAsia,181035,16005,90.7,95.3,18050,7,1158.7,28.2,29.4,42.3,42.4,19.6,38,0.3,0.868965517,175,177,13204,15313,-2109,-1657,1.6,20.7,2.6,2.7,1.06259542,4.408450704,148,0.3,29.9,5.7,0.2,1.9,0.992314261,NA,0.825174825,20.3,133,255,54.3,16.75,178,17,1.447178003
Cameroon,MiddleAfrica,475650,24054,50.9,100.2,28416,5.8,1217.3,22.7,28.3,49.1,61.8,8.7,29.5,4.6,0.875615764,155,160,2130,4899,-2768,-1173,2.7,54.4,3.6,5,1.047186933,8.895833333,238.75,544.9,67.5,4.1,NA,3,0.896356275,0.854632588,0.771573604,31.1,71.8,775,40.3,23.33333333,408,14,1.79886148
Canada,NorthernAmerica,9984670,36624,4,98.5,1552808,0.9,43205.6,1.8,28.6,69.6,2.1,19.5,78.4,7.1,0.868383405,109,109,388911,402954,-14043,-53083,1,81.8,1.2,1.6,1.051442911,0.680851064,359.4266055,155.8,4.7,10.4,2.5,5.3,1.00999001,1.001821494,NA,26.3,81.9,122,38.2,35.57615894,19276,324,1.01010101
Cayman Islands,Caribbean,264,62,256.5,100.4,3726,0.7,62132,0.3,7.5,92.2,0.8,15.5,83.6,6.3,0.941588785,104,104,18,991,-972,NA,1.5,100,1.5,NA,NA,2.731343284,0.598484848,0.1,NA,NA,NA,NA,NA,NA,NA,NA,155.5,74,52.9,0.054347826,NA,130,NA
Central African Republic,MiddleAfrica,622984,4659,7.5,97.3,1633,4.8,333.2,34.9,24.8,40.4,72.2,4.3,23.4,6.9,0.849881797,114,113,213,147,66,NA,0.4,40,2.6,5.1,1.066945607,7.854545455,48,470.5,93.5,4.2,NA,1.2,0.743709226,0.513043478,0.365853659,8.6,20.4,60,35.6,3,19,5,1.647058824
Chad,MiddleAfrica,1284000,14900,11.8,100.2,10009,6.6,713,25.4,39,35.6,76.6,2,21.4,5.8,0.807061791,146,151,1990,1371,619,NA,3.3,22.5,3.4,6.3,1.045544554,11.775,139.7297297,512.3,91.2,3.6,0,2.8,0.767888307,0.456026059,0.192982456,12.8,40.2,43,4,NA,288,6,1.602678571
Channel Islands,NorthernEurope,180,165,870.1,98.4,NA,NA,NA,NA,NA,NA,5,24.5,70.5,8.7,0.762996942,NA,NA,NA,NA,NA,NA,0.5,31.5,0.8,1.5,1.047013977,0.591836735,1.636182903,NA,7.9,NA,NA,NA,NA,NA,NA,NA,NA,NA,4.2,NA,NA,NA,NA
Chile,SouthAmerica,756102,18055,24.3,98.2,240796,2.3,13416.2,3.9,32.8,63.3,9.6,22.9,67.5,6.8,0.678714859,111,111,59884,58804,1080,-4761,0.9,89.5,1.1,1.8,1.066929134,1.26875,180.5384615,3.7,7.4,7.8,NA,4.9,0.968054211,1.013,1.137349398,15.8,129.5,197,23.4,17.57446809,540,85,1.068595927
"China, Hong Kong SAR",EasternAsia,1106,7365,7014.2,85.1,309236,2.4,42431,0.1,7.2,92.7,0.2,14.9,84.9,3.5,0.775811209,34,34,516588,547124,-30536,10101,0.6,100,0.7,1.2,1.073291925,0.489361702,72.97429306,2.5,1.6,NA,NA,3.3,NA,0.961089494,1.160629921,NA,228.8,64,NA,7.21875,NA,83,NA
"China, Macao SAR",EasternAsia,30,623,20821.6,92.3,46178,-20.3,78586.4,NA,6.6,93.4,0.3,17.7,82.1,3.2,0.858638743,86,86,1257,8924,-7668,11557,2.3,100,1.8,1.2,1.073474471,0.826086957,5.878216123,0,3,NA,NA,2,0.986152324,0.988659794,1.323619632,NA,324.4,11,NA,0.590909091,2,62,NA
China,EasternAsia,9600000,1409517,150.1,106.3,11158457,6.9,8109.1,9.2,41.1,49.7,27,23.9,49.1,4.6,0.810810811,132,133,2118981,1588696,530285,330602,0.5,55.6,3,1.6,1.040431267,1.092592593,9780,301.7,11.6,5.5,1.5,NA,1.002884615,1.025751073,1.185463659,23.7,93.2,1080,22,1372.253333,101394,87,1.048387097
Colombia,SouthAmerica,1141748,49066,44.2,96.8,292080,3.1,6056.1,6.8,34,59.2,13.5,16.6,69.9,10.5,0.726817043,114,115,31045,44831,-13786,-18922,1,76.4,1.7,1.9,1.102564103,2.025862069,443.6666667,7127,17.9,7.2,NA,4.5,0.967071057,1.070675105,1.163106796,18.7,115.7,835,52.8,46.72222222,5380,31,1.311653117
Comoros,EasternAfrica,2235,814,437.4,101.8,1079,4.8,1368.9,30.7,4,65.3,62,5.2,32.8,20,0.449056604,107,107,20,193,-173,NA,2.4,28.3,2.7,4.6,1.053921569,8.12244898,7.875,NA,58.1,6.7,NA,4.3,0.93164794,1.068493151,0.816326531,6.1,54.8,114,20.1,1,3,6,1.039281706
Congo,MiddleAfrica,342000,5261,15.4,100.1,8493,1.2,1838.1,4.7,70,25.3,40.7,25.8,33.5,11.5,0.924242424,106,106,2540,9793,-7253,NA,2.6,65.4,3.2,4.9,1.050819672,8.134615385,46.23529412,54.9,46.5,5.2,NA,NA,1.072897196,0.866438356,0.747747748,7.4,111.7,134,65.4,4.428571429,648,24,2.395
Cook Islands,Polynesia,236,17,72.4,97.4,294,5.5,14118.7,8.1,9,82.9,4.3,11.7,84,8.2,0.853785901,91,91,14,98,-84,NA,-1.2,74.5,0.9,2.6,1.110181311,1.894366197,0.211055276,NA,3.6,3.4,NA,3.9,0.936792453,1.085542169,1.234413965,NA,NA,75,62.9,0.029411765,NA,48,1
Costa Rica,CentralAmerica,51100,4906,96.1,100.1,52958,3.7,11015,5.1,21.5,73.4,11.6,19.1,69.3,8.6,0.613071895,127,129,9908,15322,-5414,-2493,1.1,76.8,2.7,1.9,1.065189048,1.588235294,47.92045455,10.1,9.3,9.3,1.2,7.2,0.994550409,1.04059652,1.306866953,35.1,150.7,340,53.4,4.875,110,44,1.083786725
Croatia,SouthernEurope,56594,4189,74.9,93.1,48676,1.6,11479.4,4.1,26.6,69.3,9.2,26.8,64,11.7,0.792808219,91,91,13648,21830,-8182,2492,-0.4,59,0.1,1.5,1.092391304,0.548507463,42.41911765,15.5,3.9,7.8,3.1,4.6,1.003067485,1.049009385,1.357142857,19.9,103.8,176,34.3,4.2,182,79,0.998996991
Cuba,Caribbean,109884,11485,107.9,100.1,87206,4.4,7656.6,5,20.5,74.5,12.9,11.7,75.3,3,0.616398243,100,101,18000,4911,13089,NA,0.2,77.1,0.1,1.7,1.054474708,0.7960199,133,0.4,5.5,11.1,7.5,NA,0.948051948,1.045824847,1.428571429,48.9,29.6,339,30.2,11.6,212,47,1.073496659
Cyprus,WesternAsia,9251,1180,127.7,100.2,19561,1.7,21941.9,2.3,10.6,87.2,4.1,16.7,79.2,10.3,0.821022727,80,80,1920,6604,-4684,-576,0.9,66.9,0.9,1.4,1.057915058,0.908108108,11.67857143,16.2,4.2,7.4,2.5,6.1,1,0.993006993,1.358121331,17.9,95.4,72,18.7,1.173076923,5,72,1
Czechia,EasternEurope,78868,10618,137.5,96.7,185156,4.5,17561.7,2.5,37.8,59.7,2.5,37,60.5,3.9,0.756637168,102,102,161248,140316,20932,1683,0.1,73,0.3,1.5,1.081225033,0.6015625,106.6052632,6,2.5,7.4,3.7,4.1,1.003012048,1.009514748,1.407749077,20,129.2,53,34.5,10.48913043,1221,164,1
Democratic People's Republic of Korea,EasternAsia,120538,25491,211.7,95.7,16283,-1.1,648,21.6,46.2,32.2,58.9,19.3,21.8,4.3,0.856810244,104,103,1010,2757,-1748,NA,0.5,60.9,0.7,2,1.102678571,1.525925926,242.5,NA,18.5,NA,2.8,NA,1.002607562,1.010764263,0.55,16.3,12.9,78,42.8,25.3125,871,20,1.005030181
Democratic Republic of the Congo,MiddleAfrica,2344858,81340,35.9,99.6,37569,7,486.2,19.9,44.2,35.9,65.3,5.9,28.9,3.6,0.980501393,104,104,5103,5906,-803,-1546,3.3,42.5,4,6.4,1.049382716,9.85106383,779.5714286,2163.3,73.2,4.3,NA,2.2,0.908928571,0.621268657,0.461538462,8.9,53,349,67.4,47,1179,16,2.599358974
Denmark,NorthernEurope,42921,5734,135.1,99,301308,1.6,53149.3,1.2,22.9,75.8,2.4,19.2,78.4,6,0.88030303,105,105,94355,85133,9222,27582,0.5,87.7,0.6,1.7,1.052496799,0.652173913,56.68316832,48.2,3.5,10.8,3.6,8.6,0.984359726,1.039750585,1.381635581,37.4,128.3,47,14.4,5.677966102,666,119,1
Djibouti,EasternAfrica,23200,957,41.3,100.7,1737,6.5,1956.3,3.3,21.4,75.3,22.8,23.9,53.2,6.6,0.532846715,133,133,134,987,-852,-548,1.7,77.3,1.6,3.1,1.053333333,4.859375,8.850393701,19.9,55.3,10.6,0.2,NA,0.887755102,0.822306238,0.677966102,10.8,34.7,98,0.2,0.875,3,13,1.505409583
Dominica,Caribbean,750,74,98.6,103,512,-1.8,7051.1,15.4,13.2,71.5,NA,NA,NA,NA,NA,110,111,23,214,-191,-72,0.5,69.5,0.8,NA,NA,NA,0.72826087,NA,NA,5.5,NA,NA,0.979522184,0.986166008,NA,25,106.3,66,58.1,0.052631579,0,29,NA
Dominican Republic,Caribbean,48671,10767,222.8,99.2,67103,7,6373.6,6.6,28,65.4,13.1,16.9,70,14.4,0.665394402,136,138,3747,22725,-18978,-1335,1.2,79,2.6,2.5,1.088319088,2.87254902,106.5641026,1.3,25.1,4.4,1.5,NA,0.913043478,1.102564103,1.836158192,26.8,82.6,184,40.4,10.23809524,28,28,1.042735043
Ecuador,SouthAmerica,257217,16625,66.9,99.9,100177,0.2,6205.1,10.1,34.1,55.8,25.7,19.2,55.1,5.8,0.614518148,118,119,16798,16189,609,-2201,1.6,63.7,1.9,2.6,1.076923077,2.704761905,161.4583333,133.1,21.1,9.2,1.7,5,1.004655493,1.037037037,1.309248555,41.6,79.4,2358,50.8,15.67857143,1247,42,1.237086093
Egypt,NorthernAfrica,1002000,97553,98,102.3,315917,4.2,3452.3,11.2,36.3,52.5,25.4,25.3,49.3,11.5,0.303149606,120,122,22507,58053,-35545,-16786,2.2,43.1,1.7,3.4,1.062590975,4.240506329,983.2,256.5,18.9,5.6,0.8,NA,0.997118156,0.995365006,0.964769648,14.9,111,156,0.1,91.77272727,3509,36,1.01010101
El Salvador,CentralAmerica,21041,6378,307.8,88.5,25850,2.5,4219.4,10.8,25.8,63.3,18.6,20.2,61.2,6.4,0.622641509,111,117,5335,9855,-4519,-920,0.5,66.7,1.4,2.2,1.135493373,2.362068966,60,4.7,17,6.8,NA,3.5,0.958707361,1.006313131,1.101083032,32.1,145.3,86,13,6.3,86,28,1.12716763
Equatorial Guinea,MiddleAfrica,28052,1268,45.2,124,13812,-7.4,16344.1,1.2,73.1,25.7,18.8,18,63.2,7.7,0.778867102,117,118,7443,5456,1987,NA,4.2,39.9,3.1,5,1.052252252,8.454545455,8.307692308,NA,70,3.8,NA,NA,0.9775,NA,NA,24,66.7,177,56.3,0.815384615,841,87,2.301587302
Eritrea,EasternAfrica,117600,5069,50.2,100.4,4783,4.8,914.9,17.2,23.5,59.3,57,7.6,35.4,7.3,0.863485017,109,109,16,3325,-3310,NA,2,22.6,5.1,4.4,1.068403909,7.886792453,53,2.3,45,3.3,NA,NA,0.862781955,0.854103343,0.5,22,7,122,15,7,27,7,1.373358349
Estonia,NorthernEurope,45227,1310,30.9,88.2,22460,1.4,17112,3.4,27.4,69.2,3.8,29,67.3,7.2,0.798270893,136,136,13952,15759,-1807,493,-0.3,67.5,-0.4,1.6,1.13091922,0.633204633,13.13636364,84.2,3.2,6.4,3.3,5.5,1.002034588,0.992214533,1.530685921,26.7,148.7,23,52.7,1.317567568,242,193,1.01010101
Ethiopia,EasternAfrica,1104300,104957,105,99.7,59917,9.6,602.8,40.5,16,43.5,70.5,8.4,21.1,5.7,0.865319865,158,157,1724,19121,-17397,NA,2.6,19.5,4.9,4.6,1.05815832,7.660377358,975.3636364,745.7,45.8,4.9,NA,4.5,0.909260992,0.95821727,0.486238532,38.8,42.8,148,12.5,116,1308,15,1.91563786
Falkland Islands (Malvinas),SouthAmerica,12173,3,0.2,110.5,NA,NA,NA,NA,NA,NA,NA,NA,NA,1.2,0.897674419,96,105,4,17,-13,NA,0.3,76.2,1,NA,NA,1.044585987,0.029574861,NA,NA,NA,NA,NA,NA,NA,NA,NA,163.5,23,0,0.005291005,0,257,NA
Faroe Islands,NorthernEurope,1393,49,35.3,107.2,NA,NA,NA,NA,NA,NA,NA,NA,NA,4,0.923255814,102,102,1192,976,216,NA,0.2,42,0.5,2.4,1.079182631,0.933333333,0.48245614,NA,NA,NA,NA,NA,NA,NA,NA,NA,127.3,21,0.1,0.048387097,1,182,NA
Fiji,Melanesia,18272,906,49.6,103.1,4391,3.6,4921.9,11.3,18.1,70.7,21.3,2.9,75.8,7.7,0.519662921,88,88,926,2316,-1391,-72,0.7,53.7,1.5,2.6,1.089686099,2.878787879,9.2,0,16,4.5,NA,3.9,0.991509434,1.107947805,NA,16,108.2,291,55.4,0.923076923,8,26,1.091008772
Finland,NorthernEurope,338440,5523,18.2,97.2,231960,0.2,42148.1,2.5,26.8,70.6,4.2,22,73.8,8.9,0.883306321,101,101,57326,60502,-3176,-979,0.4,84.2,0.5,1.8,1.077220077,0.589928058,55.42105263,32.6,2.3,9.7,3,7.2,0.997050147,1.094537815,1.20554855,42,135.5,36,73.1,5.5,757,257,1
France,WesternEurope,551500,64980,118.7,96.7,2418946,1.3,36304.2,1.7,19.5,78.8,2.7,20.5,76.8,9.8,0.846801347,103,103,488885,560555,-71670,-4861,0.4,79.5,0.8,2,1.078680203,0.704280156,643.338843,356.2,3.4,11.5,3.2,5.5,0.993377483,1.009990917,1.226252159,25.8,102.6,278,30.8,64.53191489,5694,158,1
French Guiana,SouthAmerica,83534,283,3.4,100,NA,NA,NA,NA,NA,NA,NA,14.9,58.3,21.3,0.823129252,120,120,NA,NA,NA,NA,2.8,84.4,2.8,3.5,1.085413929,3.952380952,2.686075949,NA,9.3,NA,NA,NA,NA,NA,NA,NA,NA,73,98.9,0.25,3,50,1.258322237
French Polynesia,Polynesia,4000,283,77.3,103.7,5135,1.6,18161,2.8,11.9,85.2,8.9,16.9,74.2,17,0.736507937,98,98,173,1491,-1319,208,0.7,55.9,0.9,2.1,1.062162162,1.957983193,2.839622642,NA,6.9,NA,NA,NA,NA,NA,NA,NA,94.9,175,42.3,0.275862069,1,43,1
Gabon,MiddleAfrica,267668,2025,7.9,105.6,13735,3.9,7960.7,3.8,54.5,41.7,16.2,19.1,64.8,18.1,0.698113208,97,92,2851,2930,-79,NA,3.3,87.2,2.7,4,1.042789223,5.609375,17.20512821,2.9,40.8,3.4,NA,2.7,0.971527778,NA,NA,17.1,168.9,270,88.5,1.677419355,559,64,1.457271364
Gambia,WesternAfrica,11295,2101,207.6,98,942,4.7,473.2,21.1,14.9,64,30.4,14.4,55.2,29.7,0.87409201,82,82,32,471,-439,NA,3.1,59.6,4.3,5.6,1.042301184,11.92105263,19.84536082,7.9,49.8,7.3,NA,2.8,1.07436182,NA,0.675675676,9.4,131.3,67,48.1,1.666666667,7,7,1.116113744
Georgia,WesternAsia,69700,3912,56.3,91.4,13965,2.8,3491.4,9,24.1,66.9,44.7,11.2,44.1,11.4,0.732911392,85,86,2114,7236,-5122,-1775,-1.4,53.6,-0.1,2,1.124087591,0.923076923,40.19047619,274.1,11.2,7.4,4.8,2,1.023376623,1.001930502,1.219387755,16,129,120,40.6,4.090909091,61,47,1
Germany,WesternEurope,357376,82114,235.6,97,3363600,1.7,41686.2,0.6,30.5,68.9,1.4,27.5,71.2,4.2,0.824508321,111,111,1340752,1060672,280080,279969,0.2,75.3,0.2,1.4,1.064184852,0.467857143,805.7516779,1052.1,3.4,11.3,4.1,5,0.995247148,0.943181818,0.958393113,37,116.7,116,32.7,80.88764045,5004,158,1
Ghana,WesternAfrica,238537,28834,126.7,99.3,37156,3.9,1355.6,19,26.9,54.1,41.9,14.2,43.8,5.9,0.960659898,144,144,7221,11939,-4718,-2809,2.4,54,3.4,4.2,1.031301483,7.264150943,266.3333333,27.3,46.5,3.6,NA,6.2,1.01304753,0.968304279,0.691099476,12.7,129.7,238,40.9,24.16666667,410,14,1.102380952
Gibraltar,SouthernEurope,6,35,3457.1,101.8,NA,NA,NA,NA,NA,NA,NA,NA,NA,NA,NA,NA,NA,234,533,-299,NA,0.6,100,0.1,NA,NA,0.808035714,0.32361516,NA,NA,NA,NA,NA,NA,NA,NA,NA,129.5,31,0,0.03030303,NA,259,NA
Greece,SouthernEurope,131957,11160,86.6,96.9,194860,-0.2,17788,4.1,15.7,80.2,12.9,15,72.1,23,0.733777038,86,87,27811,47595,-19784,218,-0.4,78,0.5,1.3,1.067948718,0.535849057,109.9557522,94.7,3.3,8.1,6.3,NA,0.98980632,0.944292237,0.997368421,18.3,114,374,31.2,11.03278689,368,89,1
Greenland,NorthernAmerica,2166086,56,0.1,112.1,2078,0.3,36976.7,10,15.9,74.1,4.6,12.6,82.5,9.7,NA,99,99,553,623,-71,NA,-0.1,86.4,0.7,2,1.068413392,1.590909091,0.560747664,NA,NA,NA,NA,NA,NA,NA,NA,NA,106.5,23,0,0.055555556,2,154,1
Grenada,Caribbean,345,108,317.1,100.9,954,6.2,8933.8,8.3,13.9,77.8,NA,NA,NA,NA,NA,103,103,30,350,-320,-213,0.4,35.6,0.3,2.2,1.06779661,2.504761905,1.075757576,0,9.6,6.1,NA,NA,0.963483146,0.995975855,1.158579882,33.3,112.2,54,50,0.086956522,0,35,1.038824764
Guadeloupe,Caribbean,1705,450,266,86.4,NA,NA,NA,NA,NA,NA,3.3,13.5,65.5,26.1,0.877876106,100,100,NA,NA,NA,NA,0,98.4,0.5,2,1.09375,0.788135593,4.69047619,NA,5.8,NA,NA,NA,NA,NA,NA,NA,NA,73,43,0.472727273,5,80,0.99498998
Guam,Micronesia,549,164,304.1,102.6,NA,NA,NA,NA,NA,NA,0.2,14,85.7,10.7,0.80349345,88,88,NA,NA,NA,NA,0.3,94.5,1.4,2.4,1.066753927,1.764285714,1.698660714,NA,9.6,NA,NA,NA,NA,NA,NA,NA,NA,99,46.3,NA,NA,NA,1
Guatemala,CentralAmerica,108889,16914,157.8,96.9,63794,4.1,3903.5,10.8,27.2,62,32,18.5,49.4,2.4,0.496428571,158,158,10572,16987,-6415,-96,2.1,51.6,3.4,3.2,1.092485549,5.086956522,152.8,1.8,26.9,6.2,NA,3,0.961464355,0.932253314,1.163366337,12.7,111.5,290,33.4,16.63636364,327,32,1.133640553
Guinea-Bissau,WesternAfrica,36125,1861,66.2,96.9,978,4.8,530,45,14.5,40.5,60.1,5.8,34.1,6.5,0.858598726,137,138,885,212,673,-53,2.6,49.3,4.1,4.9,1.062615101,8.469387755,18.58333333,8.8,80.4,5.6,NA,2.2,NA,NA,NA,13.7,69.3,77,70.5,3,25,17,1.638474295
Guinea,WesternAfrica,245857,12717,51.8,100.6,8875,0.1,703.9,19.8,32.8,47.4,69.7,7.4,22.9,6.8,0.933019976,130,131,1753,2082,-329,-1240,2.3,37.2,3.8,5.1,1.017421603,8.134615385,126.8888889,9.2,65.7,5.6,NA,3.2,0.84989858,0.655982906,0.44966443,21.9,87.2,185,26,12,113,12,1.37537092
Guyana,SouthAmerica,214969,778,4,101.9,3282,3.1,4278.8,17.6,31.7,50.6,18.4,25.4,56.2,11.3,0.544155844,142,143,1453,1625,-172,-144,0.6,28.6,0.8,2.6,1.071875,3.372093023,7.7,0,33.2,5.2,NA,3.2,0.96547756,0.99219621,2.048780488,31.9,67.2,94,84,0.769230769,7,46,0.998982706
Haiti,Caribbean,27750,10981,398.4,97.8,8501,1.7,793.7,16.7,38.2,45.1,46.9,12.6,40.6,12.9,0.864714086,163,166,984,3316,-2332,-723,1.4,58.6,3.8,3.1,1.069767442,4.520547945,98.75,1.9,46.9,7.6,NA,NA,NA,NA,NA,2.6,69.9,205,3.5,9.666666667,136,16,1.363445378
Holy See,SouthernEurope,0,1,1800,219.2,NA,NA,NA,NA,NA,NA,NA,NA,NA,NA,NA,NA,NA,NA,NA,NA,NA,0,100,0,NA,NA,NA,0.008,NA,NA,NA,NA,NA,NA,NA,NA,NA,NA,1,NA,NA,NA,NA,NA
Honduras,CentralAmerica,112492,9265,82.8,99.4,20365,3.6,2521.9,13,25.1,61.9,29.4,21.6,49,5.6,0.563313609,122,119,3657,8448,-4791,-1291,1.8,54.7,3.1,2.6,1.071022727,4.514285714,93.66666667,176.2,27.8,8.7,NA,5.9,0.989218329,1.188271605,1.35106383,25.8,95.5,301,42.1,7.916666667,105,28,1.162291169
Hungary,EasternEurope,93024,9722,107.4,90.7,121715,3.1,12350.6,4.1,31.9,64,4.3,29.8,65.9,4.5,0.746794872,99,99,103071,92044,11027,3946,-0.3,71.2,0.5,1.3,1.09902371,0.55,97.73913043,14.4,4.9,7.4,3.3,4.7,0.994111874,1.00190295,1.251655629,10.1,118.9,66,22.8,9.790697674,423,97,1
Iceland,NorthernEurope,103000,335,3.3,100.7,16780,4.2,50936,6.4,24,69.7,4,17.7,78.2,3.6,0.910621762,117,117,4450,5703,-1254,854,0.6,94.1,1.3,2,1.039702233,1,3.289473684,0.5,1.6,8.9,3.8,7.8,0.988966901,1.040412726,1.712624585,47.6,114,27,0.5,0.327868852,284,952,1
India,SouthernAsia,3287263,1339180,450.4,107.6,2116239,7.6,1614.2,17,29.7,53.2,44.3,24.5,31.2,3.4,0.341340076,143,142,260327,356705,-96378,-22457,1.2,32.7,2.4,2.4,1.043806647,2.957446809,13102.5,211.1,41.3,4.7,0.7,3.8,1.119649805,1.013605442,0.988888889,11.8,78.8,1052,23.7,1316.705882,23103,27,1.048596112
Indonesia,South-easternAsia,1910931,263991,145.7,101.4,861934,4.8,3346.5,14,41.3,44.7,31.4,22.4,46.2,5.8,0.609318996,139,140,144490,135653,8837,-17697,1.2,53.7,2.7,2.4,1.061561562,3.186046512,3288,13.8,25,2.8,0.2,3.6,0.973880597,1.003500583,1.122270742,19.8,132.4,1281,50.6,257.8888889,19481,35,1.18490566
Iran (Islamic Republic of),SouthernAsia,1628750,81163,49.8,101.2,398563,0.4,5038.1,8.6,39.1,52.3,16.6,32.5,50.9,11.3,0.222677596,106,107,45627,35333,10294,NA,1.2,73.4,2.1,1.7,1.02972973,2.693181818,801.8823529,978.3,14.8,7.5,1.5,2.9,1.050799624,0.994407159,0.891963109,5.9,93.4,134,6.6,78.25301205,13291,127,1.060803474
Iraq,WesternAsia,435052,38275,88.1,102.5,164234,-2.4,4509,4.6,58,37.4,20.4,21,58.6,16.1,0.21888412,123,123,27341,45831,-18490,4121,3.2,69.5,3,4.6,1.065671642,8.08,353.9,4736.2,32.1,5.5,0.9,NA,NA,NA,NA,25.3,93.8,72,1.9,35.08333333,6744,58,1.338088445
Ireland,NorthernEurope,69797,4762,69.1,98.4,283716,26.3,60513.6,1,41.7,57.3,4.8,17.7,77.4,7.6,0.773472429,102,102,129315,76997,52318,28967,0.3,63.2,1.6,2,1.054637865,1.130890052,46.93710692,10.5,3.4,7.8,2.8,5.3,1.010901883,1.030254777,1.093632959,22.2,103.7,50,10.9,4.671232877,84,114,1.001022495
Isle of Man,NorthernEurope,572,84,147.9,98.2,NA,NA,NA,NA,NA,NA,NA,NA,NA,2.6,0.82972583,NA,NA,NA,NA,NA,NA,0.8,52.2,0.8,NA,NA,0.594795539,0.877669903,NA,NA,NA,NA,NA,NA,NA,NA,NA,NA,3,6.1,NA,0,3,NA
Israel,WesternAsia,22072,8322,384.5,98.7,299413,2.5,37129.4,1.3,21.2,77.5,1,17.9,81,5.9,0.847826087,112,112,60571,65803,-5232,13642,1.6,92.1,1.4,3,1.04625,1.732919255,80.79116466,44.7,3.4,7.8,3.6,5.8,1.006704981,1.009803922,1.382783883,27.5,133.5,174,7.5,7.975308642,313,119,1
Italy,SouthernEurope,302073,59360,201.8,95.1,1821580,0.7,30462.4,2.2,23.5,74.2,3.5,27.1,69.4,11.4,0.678200692,89,89,461529,404578,56951,29348,-0.1,69,0.4,1.4,1.060075094,0.459183673,596.7938144,216.7,3,9.2,3.9,4.1,0.992110454,0.976945245,1.357142857,31,151.3,359,31.4,59.33333333,1539,103,1
Jamaica,Caribbean,10990,2890,266.9,99,14262,1,5105.8,7.1,22.3,70.5,17.9,15.3,66.8,13.1,0.799174691,102,102,1202,4767,-3565,-400,0.4,54.8,0.9,2.1,1.065663475,1.669117647,29,0,15,5.4,NA,5.5,NA,1.074494949,1.721393035,17.5,111.5,311,31,2.740740741,8,37,1.090604027
Japan,EasternAsia,377930,127484,349.7,95.4,4383076,1.2,34628.7,1.2,26.4,72.4,3.7,26.5,69.8,3,0.701578192,96,97,644932,606924,38008,135608,-0.1,93.5,0.6,1.4,1.08,0.386227545,1277.4375,19.4,2.2,10.2,2.3,3.6,0.999012833,1.002952756,0.926940639,9.3,125,404,68.5,126.4583333,1114,146,1
Jordan,WesternAsia,89318,9702,109.3,102.6,37517,2.4,4940.1,4,27.7,68.4,2,17.8,80.2,13.4,0.224806202,134,135,7509,19207,-11698,-3332,4.9,83.7,3.8,3.6,1.045706371,6.228070175,75.90243902,721.4,17.1,7.5,2.6,NA,1.005149331,1.057356608,1.112941176,15.4,179.4,113,1.1,7.361111111,7,47,1.059588299
Kazakhstan,CentralAsia,2724902,18204,6.7,93.9,181754,1.2,10312.1,5,32.5,62.5,18.1,20.4,61.6,5.6,0.855483871,126,127,36775,25175,11601,-5464,1.6,53.2,0.9,2.7,1.149300156,2.513513514,176.4577114,9.2,14.1,4.4,3.3,2.8,1.002757353,1.026220615,1.239130435,27.1,187.2,82,1.2,17.36363636,7091,193,1.161214953
Kenya,EasternAfrica,591958,49700,87.3,98.8,63399,5.6,1376.7,32,19,49,61.9,8.6,29.5,10.8,0.861878453,126,126,5688,14109,-8420,-6339,2.7,25.6,4.3,4.1,1.076190476,9.418604651,451.8333333,582.4,39.4,5.7,0.2,5.3,0.994510522,NA,NA,19.4,80.7,480,7.7,47.66666667,750,20,1.436619718
Kiribati,Micronesia,726,116,143.7,97.3,162,3.7,1442.9,24.1,13.6,62.2,NA,NA,NA,NA,NA,61,61,3,116,-113,45,1.8,44.3,1.8,3.8,1.104166667,5.46875,1.142857143,NA,46.9,10.2,0.2,NA,1.031098154,NA,NA,6.5,38.8,104,15,0.166666667,0,8,1.725296443
Kuwait,WesternAsia,17818,4136,232.1,134.9,114054,1.8,29303.9,0.6,48.7,50.7,2.6,27.3,70.1,2.2,0.570574163,199,199,46238,30825,15413,8584,5.4,98.3,3.6,2,1.027210884,4.306122449,38.94157609,94.7,8.4,3,1.9,NA,1.005859375,1.164399093,1.62254902,3.1,231.8,49,0.4,3.755905512,6941,380,1
Kyrgyzstan,CentralAsia,199949,6045,31.5,98.4,6572,3.5,1106.4,15.4,25.9,58.7,29.2,21,49.8,7.7,0.641290323,108,110,1423,3844,-2421,-721,1.6,35.7,1.6,3.1,1.118975904,4.184210526,60.11764706,8.2,19.6,6.5,1.9,5.5,0.989805375,1.015317287,1.306372549,19.2,132.8,44,3.4,5.647058824,80,27,1.121809745
Lao People's Democratic Republic,South-easternAsia,236800,6858,29.7,99.5,12585,7.6,1850.2,23.6,32.8,43.6,78.3,4,17.7,1.5,1.001285347,193,186,2066,4513,-2447,-2264,1.3,38.6,4.9,2.9,1.045383412,5.222222222,74,NA,47.3,1.9,0.2,3.3,0.96123348,0.925117005,0.953757225,27.5,53.1,209,80.5,6.666666667,72,12,1.233429395
Latvia,NorthernEurope,64573,1950,31.3,84.9,27004,2.7,13704.1,3.2,23.3,73.5,7.3,23,69.7,9.6,0.805022157,130,130,11433,13596,-2163,-210,-1.2,67.4,-0.7,1.5,1.143895349,0.58778626,19.63432836,252.6,6.5,5.9,3.2,5.3,0.991008991,0.993327773,1.427027027,16,127,30,54,2,108,99,1.01525941
Lebanon,WesternAsia,10452,6082,594.6,100.6,50149,1.5,8571.4,3.2,19.6,77.2,8.2,22.4,69.4,7,0.337110482,95,95,3402,20409,-17007,-8146,6,87.8,3.2,1.7,1.046571798,1.925,58.58651026,1054.2,9.2,6.4,2.4,2.6,0.914078675,0.991869919,1.156962025,3.1,87.1,87,13.4,5.604651163,7,55,1
Lesotho,SouthernAfrica,30355,2233,73.6,94.4,2008,2.8,940.6,7.7,31.3,61,39.7,20,40.3,27.5,0.800268097,101,100,648,1727,-1079,-168,1.3,27.3,3,3.3,1.091816367,5.28358209,22,0,59.8,10.6,NA,NA,0.971962617,1.356673961,1.4625,25,105.5,18,1.6,2.083333333,31,28,1.228571429
Liberia,WesternAfrica,111369,4732,49.1,101.8,2053,0.3,455.9,70.8,11.4,17.9,45.3,11.7,43,4.1,0.903276131,104,121,641,727,-86,-860,2.6,49.7,3.4,4.8,1.030100334,8.530612245,45.52,22.1,59,10,NA,2.8,0.904568528,0.775656325,0.633802817,12.3,81.1,172,43.7,4.5,73,19,1.415335463
Libya,NorthernAfrica,1676198,6375,3.6,101.7,34457,-10.2,5488.2,0.9,67.1,32,19.1,25.1,55.8,19.2,0.354591837,113,114,4615,8876,-4261,-108,0.2,78.6,1.1,2.4,1.081395349,4.272727273,62.69105691,472.5,24.3,5,2.1,NA,NA,NA,NA,16,157,63,0.1,6.263736264,1505,119,NA
Liechtenstein,WesternEurope,160,38,237,98.4,6361,1.4,169491.8,0.7,40.1,59.2,NA,NA,NA,2.6,0.757790368,102,102,NA,NA,NA,NA,0.8,14.3,0.5,1.5,NA,0.656387665,0.375399361,0.3,NA,NA,NA,2.6,0.984037559,0.778117827,0.488839286,12,108.8,6,43.1,0,1,74,NA
Lithuania,NorthernEurope,65286,2890,46.1,85.4,41402,1.8,14383.7,3.6,29.8,66.5,8.7,24.5,66.8,9.2,0.818456884,125,125,25025,27501,-2476,-977,-1.3,66.5,-0.5,1.6,1.157664234,0.584980237,28.93617021,4.7,4.4,6.6,4.3,4.6,1.004844961,0.961922031,1.46953405,21.3,139.5,26,34.8,2.909090909,74,98,1.102876106
Luxembourg,WesternEurope,2586,584,225.3,101,56802,3.5,100160.8,0.2,12.1,87.7,1.3,10.2,88.5,5.6,0.79389313,98,98,12838,19124,-6285,2962,2.2,90.2,1.7,1.5,1.058375635,0.836734694,5.665909091,4.2,3.4,6.9,2.9,4.1,1.004127967,1.023738872,1.137362637,28.3,148.5,11,33.5,0.560693642,6,290,1
Madagascar,EasternAfrica,587295,25571,44,99.5,9739,3.1,401.8,24.9,18.4,56.7,74.2,9.4,16.5,2.3,0.941573034,119,120,2256,2965,-709,-622,2.7,35.1,4.7,4.4,1.047619048,8.541666667,321,0.1,36.8,3,0.1,2.1,1,0.981958763,0.92,19.2,46,1324,21.5,31,129,7,2.311614731
Malawi,EasternAfrica,118484,18622,197.5,98.2,6420,3,372.9,26.1,16.6,57.3,69.9,4.8,25.4,6.8,1.003703704,149,150,875,1649,-774,-710,2.9,16.3,3.8,4.9,1.08419244,10.23255814,179.3333333,25.7,66.5,11.4,NA,5.6,1.020833333,0.895196507,0.6,16.7,35.3,176,33.6,13,89,6,1.074074074
Malaysia,South-easternAsia,330323,31624,96.3,106.7,296284,5,9768.4,8.6,39.6,51.8,11.8,27.3,60.9,3.3,0.633676093,122,130,189414,168375,21039,8960,1.8,74.7,2.7,2.1,1.061983471,2.505154639,302.9156627,238.6,6.5,4.2,1.3,5,1.001966568,1.081769437,1.528846154,10.4,143.9,1272,67.5,29.97530864,3738,118,1.075268817
Maldives,SouthernAsia,300,436,1454.4,131.8,3435,2.8,9446.5,3.1,22,74.9,7.7,22.8,69.5,2.9,0.726130653,65,65,140,2128,-1988,-326,2.8,45.5,4.5,2.2,1.026525199,3.714285714,3.633204633,NA,9,13.7,NA,5.2,1.01336074,NA,1.637096774,5.9,206.7,75,3.3,0.351351351,0,54,1.016343207
Mali,WesternAfrica,1240192,18542,15.2,100.2,13100,7.6,744.3,39.9,19.6,40.5,56.7,14.7,28.6,8.1,0.613608748,154,157,3030,2510,520,-676,2.9,39.9,5.1,6.4,1.023381295,11.925,172.9047619,90.8,78.5,7,NA,3.7,0.909205549,0.807017544,0.427083333,8.8,139.6,42,3.9,14,55,4,1.505460218
Malta,SouthernEurope,315,431,1346.4,100.9,9747,6.2,23280.7,1.4,15,83.6,1.2,20.9,77.9,5.4,0.599695586,96,96,4039,7182,-3143,539,0.5,95.4,0.5,1.4,1.043256997,0.551724138,4.181818182,8.1,4.8,9.7,3.9,7.8,1.02446184,1.069792803,1.369727047,12.5,129.3,39,1.1,0.410714286,1,78,1
Marshall Islands,Micronesia,181,53,295.2,104.5,183,0.6,3452.6,16.4,10.2,73.3,NA,NA,NA,4.7,0.544090056,115,115,27,86,-58,-5,0.2,72.7,0.6,4.1,1.016830295,7.090909091,0.532258065,NA,25.4,17.1,0.5,NA,0.997860963,1.099863201,0.923766816,9.1,29.2,101,70.2,0.052631579,0,27,0.957991803
Martinique,Caribbean,1128,385,363.1,83.5,NA,NA,NA,NA,NA,NA,3.9,11.8,69,22.8,0.977695167,78,78,NA,NA,NA,NA,-0.5,88.9,0.2,2,1.084832905,0.688715953,3.955128205,NA,6.4,NA,NA,NA,NA,NA,NA,NA,NA,48,45.8,0.396551724,1,79,1.002004008
Mauritania,WesternAfrica,1030700,4420,4.3,101.6,5023,1.2,1235,20.9,41.7,37.4,40.3,9.5,50.2,12,0.447328244,125,125,1623,2174,-551,-1066,2.9,59.9,3.5,4.9,1.047385621,7.98,40.64705882,69,68,3.8,NA,2.9,1.05,0.930599369,0.507042254,25.2,89.3,86,0.2,3.857142857,31,13,1.022767075
Mauritius,EasternAfrica,1969,1265,623.2,97.9,11511,3.5,9040.9,2.9,22.7,74.4,7.3,25.2,67.5,7.6,0.631224764,96,96,2194,4655,-2461,-566,0.2,39.7,-0.1,1.5,1.099009901,1.108433735,13,NA,12,4.8,NA,4.9,1.016634051,1.045940171,1.315457413,11.6,140.6,257,19,1.272727273,10,51,1.001002004
Mayotte,EasternAfrica,NA,253,674.8,96.7,NA,NA,NA,NA,NA,NA,NA,NA,NA,NA,NA,NA,NA,NA,NA,NA,NA,2.8,47,1.9,4.1,1.090789474,7,2.398753894,NA,4.2,NA,NA,NA,NA,NA,NA,NA,NA,88,16.1,NA,0,19,NA
Mexico,CentralAmerica,1964375,129163,66.4,99.2,1140724,2.5,8980.9,3.6,36,60.4,13.4,25.2,61.3,4.1,0.572327044,120,120,373883,387064,-13181,-33216,1.4,79.2,1.6,2.3,1.066216216,2.643564356,1325.777778,5.9,18.8,6.3,2.1,5.3,0.996138996,1.06613455,1.003344482,42.6,85.3,1162,34,126.3947368,8514,62,1.055374593
Micronesia (Federated States of),Micronesia,702,106,150.8,105.1,315,3.7,3015.2,27.8,6.5,65.8,NA,NA,NA,NA,NA,99,99,6,40,-34,22,0.2,22.4,0.3,3.3,1.031019202,4.1375,1.076923077,0,33.2,13.7,NA,12.5,1.003144654,NA,NA,0,30.3,167,91.8,0.142857143,0,22,1.084668192
Monaco,WesternEurope,2,39,25969.8,94.7,6258,5.4,165870.6,NA,13.4,86.6,NA,NA,NA,NA,NA,NA,NA,NA,NA,NA,NA,0.6,100,0.8,NA,NA,NA,0.376344086,0,NA,4.3,6.6,1,NA,NA,NA,20.8,88.8,21,NA,NA,NA,NA,NA
Mongolia,EasternAsia,1564116,3076,2,97.9,11758,2.3,3973.4,14.8,34.1,51.1,28.4,20.7,51,6.3,0.81962482,147,149,4917,3358,1559,-948,1.9,72,2.8,2.8,1.127131783,4.5,29.33333333,0,22.8,4.7,2.9,4.6,0.982318271,1.020994475,1.381282496,17.1,105,41,8.1,2.888888889,677,84,1.121621622
Montenegro,SouthernEurope,13812,629,46.8,97.4,4020,4.5,6424.1,9.8,17.5,72.6,7.5,17.3,75.2,17.4,0.747763864,66,66,354,2263,-1908,-533,0.1,64,0.3,1.7,1.064864865,0.849765258,6.25,16,4.1,6.4,2.3,NA,0.980042017,0.998893805,NA,23.5,162.2,98,61.5,0.628571429,29,64,1.008064516
Montserrat,Caribbean,103,5,51.8,106,59,0.4,11553.4,1.4,12.7,85.9,NA,NA,NA,5.6,NA,103,103,4,36,-32,-27,0.7,9,0.7,NA,NA,1.005102041,0.053030303,NA,NA,NA,NA,NA,NA,NA,NA,NA,96.6,55,25,0,NA,133,1
Morocco,NorthernAfrica,446550,35740,80.1,98.1,100359,4.4,2919.3,13.7,28.9,57.4,32.6,20.7,46.8,10.4,0.343624161,130,130,22858,41696,-18838,-2161,1.4,60.2,2.3,2.6,1.031207598,2.560747664,295,6.4,28.1,5.9,0.6,NA,0.948173322,0.853494624,0.958188153,20.5,126.9,207,12.6,35.23529412,78,23,1.511485452
Mozambique,EasternAfrica,799380,29669,37.7,95.5,14806,6.6,529.2,24.6,21,54.4,75,4.1,21,24.1,1.087301587,137,137,3352,5295,-1943,-5833,2.9,32.2,3.3,5.4,1.075925926,9.333333333,278.625,24,67.3,7,0.1,6.5,0.916666667,0.920118343,0.72972973,39.6,74.2,309,48.5,28,779,20,2.178378378
Myanmar,South-easternAsia,676577,53371,81.7,95.5,62601,7.3,1161.5,26.7,34.5,38.7,23.6,14.6,61.7,0.8,0.92450495,130,128,11673,15696,-4023,-3921,0.9,34.1,2.5,2.3,1.072213501,2.85106383,733,1392.1,45,2.3,0.6,NA,0.973267327,1.027667984,1.231404959,10.2,76.7,321,45.3,54,1078,15,1.245967742
Namibia,SouthernAfrica,824116,2534,3.1,94.7,11491,5.3,4673.6,6.6,30.6,62.8,29.1,14.6,56.3,24.9,0.877138414,88,89,4816,6721,-1905,-1700,2.2,46.7,4.2,3.6,1.087986464,6.672727273,24.71052632,4.8,36.4,NA,NA,NA,0.966460724,NA,NA,41.3,102.1,115,8.5,2.375,19,31,1.160756501
Nauru,Micronesia,21,11,568,101.9,189,18.7,18469.2,3,59.9,37.1,NA,NA,NA,23,0.624841572,112,112,NA,NA,NA,NA,2.3,100,0.2,3.9,1.121107266,9.875,0.102893891,0.8,18,3.3,NA,NA,0.916894977,1.018315018,NA,10.5,67.8,82,0,0,0,63,NA
Nepal,SouthernAsia,147181,29305,204.4,94.3,20658,2.7,724.5,31.8,14.9,53.3,72.6,10.9,16.5,3,0.919261822,139,139,703,5249,-4547,2447,1.2,18.6,3.2,2.3,1.044510386,3.511363636,287.9444444,30.7,32.8,5.8,NA,3.7,1.080336649,1.076005961,1.02027027,29.6,96.8,104,25.4,26.66666667,451,19,0.990196078
Netherlands,WesternEurope,41542,17036,505.2,99,750318,2,44332.1,1.8,20,78.2,2.2,15.9,81.9,5.6,0.822094692,115,115,511714,420969,90745,65129,0.3,90.5,1,1.7,1.046599496,0.656,169.1880342,116.3,3.5,10.9,3.4,5.5,0.994285714,1.011878248,1.104417671,38,123.5,40,11.1,16.8989899,2447,178,1
New Caledonia,Melanesia,18575,276,15.1,101.5,8937,3.2,33965.7,1.4,26,72.6,3,26.9,70.1,15.1,0.680119581,102,103,1344,2422,-1079,-1469,1.4,70.2,2.2,2.2,1.075983718,1.584507042,2.635245902,NA,13,NA,NA,NA,NA,NA,NA,NA,93.5,526,45.9,0.260606061,1,215,1
New Zealand,Oceania,268107,4706,17.9,96.7,173417,3.1,38294.3,6.5,23,70.6,5.9,21.4,72.6,5.5,0.853021978,116,118,33833,36423,-2589,-5501,1.1,86.3,1,2,1.045283019,0.951923077,45.20434783,1.7,4.4,11,2.9,6.4,0.99497992,1.057319224,1.350558659,34.2,121.8,199,38.6,4.506493506,783,207,1
Nicaragua,CentralAmerica,130373,6218,51.7,97.2,12693,4.9,2086.9,18.8,26.8,54.4,24.1,14.5,61.4,6.1,0.615384615,130,130,2225,5927,-3701,-1045,1.2,58.8,2,2.3,1.085434174,3.452380952,57.57142857,0.6,20,9,0.9,NA,NA,NA,NA,45.7,116.1,144,25.9,6.125,91,26,1.430835735
Niger,WesternAfrica,1267000,21477,17,100.6,7143,3.6,359,39.6,19.1,41.3,62.3,14.4,23.3,2.7,0.452914798,148,148,927,1861,-933,-1150,3.8,18.7,5.1,7.4,1.032986111,11.95238095,189.3,312.5,65.8,6,NA,6.7,0.857509628,0.710743802,0.346153846,17,46.5,34,0.9,21,101,5,2.057613169
Nigeria,WesternAfrica,923768,190886,209.6,102.7,494583,2.7,2714.5,20.9,20.4,58.8,27.9,14.7,57.4,5.4,0.754276827,116,117,104084,36533,67551,-15763,2.7,47.8,4.7,5.7,1.02734375,9.777777778,1713,2437.5,76.3,3.7,NA,NA,0.982010582,0.925605536,0.703389831,5.6,82.2,361,8.1,160.5,10851,32,1.410122164
Niue,Polynesia,260,2,6.2,100,NA,NA,NA,NA,NA,NA,NA,NA,NA,NA,NA,101,101,NA,NA,NA,NA,-0.1,42.5,-0.9,2.6,1.088445078,1.134328358,0.01734104,NA,8.1,7.4,NA,NA,0.816576087,1.096061479,NA,NA,NA,52,70,0,0,62,0.997971602
Northern Mariana Islands,Micronesia,457,55,119.9,107.1,NA,NA,NA,NA,NA,NA,NA,NA,NA,NA,NA,NA,NA,1735,4553,-2818,NA,0.1,89.2,0.4,1.6,1.040053405,2.35,0.549618321,NA,6.4,NA,NA,NA,NA,NA,NA,NA,NA,102,64.5,NA,NA,NA,1
Norway,NorthernEurope,386194,5305,14.5,101.8,386578,1.6,74185.5,1.8,34.6,63.5,2.2,20.2,77.6,5.1,0.894582723,103,104,89120,72473,16647,33746,1.2,80.5,1.3,1.8,1.051572327,0.798206278,52.23943662,73.2,2.4,9.7,4.4,7.4,0.99800995,0.968613775,1.457006369,39.6,113.6,64,33.2,5.173913043,8204,233,1
Oman,WesternAsia,309500,4636,15,192.8,69832,5.7,15550.8,1.5,51.1,47.3,5,39.6,55.4,17.8,0.352459016,134,134,24455,23260,1195,-10807,6.5,77.6,8.5,2.9,1.056375839,5.45,44.89051095,0.6,9.6,3.6,1.5,5,1.03538175,1.068316832,NA,1.2,159.9,99,0,4.25,3101,239,1.109175377
Pakistan,SouthernAsia,796095,197016,255.6,105.6,266458,5.5,1410.4,25.5,19,55.5,42.1,19.8,38.1,5.9,0.300606061,135,138,20534,46998,-26464,-1603,2.1,38.8,2.8,3.7,1.027692308,5.194029851,1910,2739.4,69.8,2.6,0.8,2.6,0.854563691,0.791919192,0.867924528,20.6,66.9,140,2,184.7777778,2202,17,1.044493882
Palau,Micronesia,459,22,47.2,113.3,258,5.7,12122.5,3.8,8,88.2,NA,NA,NA,NA,NA,NA,NA,7,154,-147,-24,0.8,87.1,1.7,2.2,1.142437592,1.549618321,0.214285714,0,13.3,9,NA,NA,0.987038883,0.98960499,1.549898167,12.5,111.5,182,87.6,0.024193548,NA,172,1.127906977
Panama,CentralAmerica,75320,4099,55.1,100.4,52132,5.8,13268.1,2.8,27.1,70,14.5,19.6,65.9,6.2,0.628109453,117,118,636,11697,-11061,-3377,1.7,66.6,2.1,2.6,1.083445491,2.403508772,39.29787234,21.5,15.2,8,1.6,3.2,0.974879227,1.074074074,1.490384615,18.3,174.2,383,62.3,3.826086957,31,35,1.102708804
Papua New Guinea,Melanesia,462840,8251,18.2,103.5,21315,6.6,2797.6,20.1,28.2,51.8,68.3,5.7,26,2.5,0.97752809,84,83,8760,8874,-114,5326,2.2,13,2.1,3.8,1.076677316,5.885245902,86,9.7,49,4.3,NA,NA,0.912353923,0.755458515,NA,2.7,46.6,493,74.1,7.875,114,22,2.682926829
Paraguay,SouthAmerica,406752,6811,17.1,102.9,27714,3.1,4174.4,19,29.5,51.6,19.6,19.5,61,5.5,0.688311688,160,166,8494,9753,-1259,-462,1.3,59.7,2.1,2.6,1.059405941,3.127659574,65.20833333,0.2,28.8,9.8,1.3,5,0.969330855,1.066037736,NA,13.8,105.4,59,39.4,6.333333333,325,38,1.05374078
Peru,SouthAmerica,1285216,32166,25.1,99.8,190428,3.3,6069.1,7.6,33.3,59.2,24.4,17.3,58.3,5.3,0.798309179,145,148,36040,36185,-145,-9210,1.3,78.6,1.7,2.5,1.074125874,2.634615385,303,2.5,18.6,5.5,1.1,4,1,1.001044932,NA,27.7,109.9,685,57.9,30.85,1020,30,1.320809249
Philippines,South-easternAsia,3.00E+05,104918,351.9,101.3,292449,5.9,2904.2,10.5,31.3,58.2,27.7,16.3,56.1,5.9,0.643852978,122,120,56313,85909,-29596,7694,1.6,44.4,1.3,3,1.102446483,4.171052632,1059.5,240.2,22.2,4.7,NA,NA,1.000856164,1.098341232,1.28343949,29.5,118.1,783,26.2,96.09090909,991,19,1.03765227
Poland,EasternEurope,312679,38171,124.6,93.4,477066,3.9,12355.5,2.6,34.1,63.3,10.9,29.6,59.5,5.3,0.756548536,113,113,196455,188518,7937,-2932,0,60.5,-0.1,1.3,1.111111111,0.616666667,387.125,23.7,4.5,6.4,2.3,4.9,1.00199005,0.964545455,1.52398524,28,148.7,58,30.7,38.60810811,2819,102,1.024767802
Portugal,SouthernEurope,92226,10330,112.8,89.8,199122,1.6,19239.2,2.3,22.3,75.4,8,23.8,68.2,10.5,0.836734694,104,104,55658,67580,-11922,842,-0.4,63.5,1,1.3,1.080206986,0.487455197,103.3703704,1.8,2.9,9.5,4.4,5.1,0.962522852,0.969421488,1.132758621,34.8,110.4,281,34.9,10.48837209,250,84,1
Puerto Rico,Caribbean,8868,3663,413,92.6,102906,0,27939,0.8,50,49.1,2,17.5,80.5,12.8,0.665377176,110,111,NA,NA,NA,NA,-0.2,93.6,-0.2,1.5,1.106382979,0.87745098,36.66666667,NA,6.3,NA,NA,6.4,1.014590348,1.064720812,1.409415121,NA,87.1,126,55.5,NA,1,16,NA
Qatar,WesternAsia,11607,2639,227.3,301.2,164641,3.6,73653.4,0.2,56.4,43.5,1.2,54.1,44.7,0.3,0.567307692,154,154,57254,32058,25196,13751,6.6,99.2,6,2,1.033854167,4.964285714,22.35231788,1.5,7.2,2.2,2,3.6,1.01171875,1.263414634,6.968253968,0,153.6,39,0,2.171026157,9166,846,1
Republic of Korea,EasternAsia,100284,50982,524.3,100.2,1377873,2.6,27396.7,2.3,38,59.7,5,24.7,70.3,3.6,0.698191933,104,104,495418,406182,89236,105871,0.4,82.5,0.7,1.2,1.083440308,0.671641791,510.5,8,3,7.4,2.2,5.1,0.993957704,0.990936556,0.765267176,17,118.5,111,63.5,50.18803419,2023,223,1.134243458
Republic of Moldova,EasternEurope,33846,4051,123.3,92.2,6475,-0.7,1591.4,13.4,20.8,65.8,28.8,30.9,40.3,5,0.840860215,109,109,2045,4020,-1975,-415,-0.1,45,-0.7,1.3,1.127436282,0.892045455,40.82857143,5.5,14.3,10.3,2.5,7.5,0.989235737,1.008158508,1.342776204,22.8,108,35,12.3,4.083333333,15,23,1.19041769
Romania,EasternEurope,238391,19679,85.5,94,177956,3.7,9120.7,4.8,34.9,60.3,25.5,27.7,46.8,7.1,0.733333333,100,100,63581,74605,-11024,-2096,-0.6,54.6,0,1.5,1.098039216,0.614457831,189.0833333,3.2,8.7,5.6,2.7,3.1,0.983425414,0.994594595,1.234309623,20.7,107.1,104,29.5,19.44444444,1109,68,1
Russian Federation,EasternEurope,17098246,143990,8.8,86.8,1326016,-3.7,9243.3,4.7,31.8,63.5,6.8,27.1,66.1,5.8,0.789621318,120,120,285491,182257,103234,69000,0.1,74,-0.1,1.7,1.173106646,0.834123223,1437.444444,418.4,8.3,7.1,3.3,3.9,1.007992008,0.980094787,1.211248285,15.8,160,235,49.8,143.302521,54829,208,1.084429825
Rwanda,EasternAfrica,26338,12208,494.9,96.2,8096,6.9,697.3,34.6,15.1,50.3,75,7.2,17.8,2.4,1.033613445,139,139,622,1778,-1157,-1099,2.5,28.8,6.4,4.2,1.063391442,8.183673469,116.1842105,155.1,44,7.5,NA,3.6,1.012908125,1.085227273,0.758241758,61.3,70.5,62,19.2,8,84,8,1.204450626
Saint Helena,WesternAfrica,308,4,10.4,NA,NA,NA,NA,NA,NA,NA,NA,NA,NA,NA,NA,NA,NA,0,48,-48,NA,-0.7,39.4,-0.6,NA,NA,NA,0.039473684,NA,NA,NA,NA,NA,NA,NA,NA,NA,30.7,100,5.1,0,0,41,NA
Saint Kitts and Nevis,Caribbean,261,55,212.9,97,876,3.8,15771.9,1.2,28.1,70.7,NA,NA,NA,NA,NA,39,39,51,332,-280,-63,1.1,32,1.3,NA,NA,NA,0.552238806,0,NA,5.1,NA,2.8,1.020807834,1.054545455,2.038022814,13.3,131.8,52,42.3,0.047619048,0,59,1
Saint Lucia,Caribbean,539,179,293.2,95.9,1450,1.9,7839.4,2.7,12.9,84.4,14.8,17.6,67.6,19,0.823759791,69,69,120,654,-535,-100,0.5,18.5,0.9,1.5,1.074792244,1.379562044,1.855072464,0,10.9,6.7,NA,4.9,NA,0.991812865,1.896551724,16.7,101.5,62,33.4,0.181818182,0,33,1.040794979
Saint Pierre and Miquelon,NorthernAmerica,242,6,27.5,98.2,NA,NA,NA,NA,NA,NA,NA,NA,NA,NA,NA,112,112,653,2629,-1976,NA,0,90.4,0.1,NA,NA,NA,0.063694268,NA,NA,NA,NA,NA,NA,NA,NA,NA,NA,12,12.3,0.008196721,0,174,NA
Saint Vincent and the Grenadines,Caribbean,389,110,281.8,101.7,738,1.6,6739.2,7.5,17.2,75.3,22.1,16.1,61.8,19.1,0.733420026,115,115,47,335,-288,-210,0,50.6,0.7,2,1.059405941,2.034188034,1.095238095,NA,16.5,8.6,NA,NA,0.975425331,0.973123262,NA,13,103.6,58,69.2,0.105263158,0,29,1
Samoa,Polynesia,2842,196,69.4,106.6,774,2.8,4006,9.3,24.2,66.6,5.3,14.8,79.8,6.5,0.400343643,107,107,56,350,-294,-44,0.8,19.1,-0.2,4.2,1.088607595,4.305882353,1.884615385,0,18,7.2,NA,NA,1,1.109045849,NA,10,58.5,93,60.4,0.2,2,24,0.981873112
San Marino,SouthernEurope,61,33,556.7,94.9,1565,1,49240.2,0.1,33.3,66.6,NA,NA,NA,6.6,NA,NA,NA,NA,NA,NA,NA,1.2,94.2,0.6,NA,1.05752754,0.622406639,0.317567568,NA,NA,6.1,6.4,2.4,0.986155485,1.025668449,1.384158416,26.7,115.2,1,0,NA,NA,NA,NA
Sao Tome and Principe,MiddleAfrica,964,204,212.8,99.2,334,4,1752.8,12.3,14.7,73,22.2,13.5,64.3,13.6,0.595800525,119,119,10,139,-129,-69,2.2,65.1,3.6,4.7,1.065625,9.953488372,1.846153846,NA,43.8,8.1,NA,3.8,0.953271028,1.13490099,1.03030303,18.2,65.1,94,55.8,0.166666667,1,14,1.056623932
Saudi Arabia,WesternAsia,2206714,32938,15.3,132.9,653219,3.4,20710.6,2.3,46,51.8,5.9,22.7,71.4,5.5,0.25477707,96,96,182329,135904,46426,-56724,2.8,83.1,2.1,2.7,1.039889959,4.5,315.3529412,70.2,13,4.7,2.6,NA,1.02965709,0.764274062,0.959627329,19.9,176.6,131,0.5,30.82051282,25904,287,1
Senegal,WesternAfrica,196712,15851,82.3,96.6,13633,6.5,901.1,15.5,24.1,60.4,51.4,20.7,27.9,9.3,0.642553191,126,127,2640,5478,-2838,-1348,3,43.7,3.6,5,1.05799373,9.127659574,154.8235294,17.6,43.9,4.7,NA,7.4,1.119845361,0.978087649,0.604651163,42.7,100,123,43.2,14.83333333,77,11,1.38038633
Serbia,SouthernEurope,88499,8791,100.5,95.6,37160,0.8,5238.6,8.2,31.4,60.5,19.4,24.5,56.1,15.5,0.724540902,102,102,14852,19231,-4379,-1751,-0.4,55.6,-0.3,1.6,1.079387187,0.673469388,88.72527473,254.1,9.8,10.4,2.5,4.2,0.997044335,1.014583333,1.332669323,34.4,120.5,71,31.1,8.76744186,393,62,1.005055612
Seychelles,EasternAfrica,457,95,206,97.2,1363,6.8,14133.2,2.7,13.6,83.8,3.6,17.9,78.2,4.1,0.906295754,105,109,335,833,-498,-256,0.5,53.9,1.1,2.4,1.133915575,1.669172932,0.962406015,NA,10.2,3.4,1,3.6,1.024727992,1.072335025,2.107526882,21.2,158.1,439,88.4,0.096153846,0,72,1
Sierra Leone,WesternAfrica,72300,7557,104.7,98.1,4483,-20.3,694.8,51.4,17.6,31.1,68,6.5,25.5,3.1,0.94622093,168,168,466,958,-492,-1317,2.3,39.9,2.7,4.8,1.022177419,10.02380952,65.14285714,0.8,94.4,11.1,NA,2.7,1.009448819,0.862365591,NA,12.4,89.5,177,41.3,6.5,53,11,1.776150628
Singapore,South-easternAsia,719,5709,8155.5,97.7,292734,2,52239,0,26.4,73.6,0.3,17,82.6,2,0.759526938,112,112,329871,283009,46862,57922,1.7,100,2,1.2,1.054931336,0.769230769,56.02643172,0,2.1,4.9,1.9,2.9,NA,NA,NA,23.8,146.1,293,23.1,5.529411765,27,209,NA
Sint Maarten (Dutch part),Caribbean,34,40,1180,95.7,1094,0.5,28241.7,0.1,12.3,87.6,NA,NA,NA,NA,NA,NA,NA,NA,NA,NA,23,3.1,100,2,NA,1.11416185,2.019230769,0.387784091,0,NA,NA,NA,NA,NA,NA,NA,NA,NA,51,NA,0.035897436,NA,303,NA
Slovakia,EasternEurope,49035,5448,113.3,94.6,87268,3.8,16082.5,3.7,34.8,61.5,3.3,34.5,62.2,9.9,0.755882353,97,97,77565,75156,2409,193,0.1,53.6,-0.3,1.4,1.099173554,0.706422018,53.6969697,2.7,5.7,8.1,3.4,4.2,0.99001996,1.007600434,1.545454545,20,122.3,54,40.3,5.482142857,264,121,1
Slovenia,SouthernEurope,20273,2080,103.3,98.6,42777,2.3,20689.8,2.4,32.7,64.9,8.9,29.6,61.5,8.1,0.832797428,89,89,27585,26646,939,2216,0.3,49.7,0.1,1.6,1.077720207,0.570342205,20.70175439,0.6,2.5,9.2,2.8,5.5,1.002016129,0.997292419,1.444281525,36.7,113.2,143,62,2.064516129,154,135,1.003018109
Solomon Islands,Melanesia,28896,611,21.8,103.4,1075,3.2,1841.6,28.2,15.6,56.3,48.1,2.4,49.5,31.4,0.831292517,118,118,437,454,-17,-36,2.1,22.3,4.2,4.1,1.040995608,7.185185185,6.5,0,30,5.1,0.2,NA,0.987826087,0.9437751,NA,2,72.7,245,78.3,0.5,3,11,1.207253886
Somalia,EasternAfrica,637657,14742,23.5,99.3,1559,2.7,144.5,60.2,7.4,32.5,72,4.8,23.2,6.6,0.438735178,112,112,925,530,394,NA,2.9,39.6,4.1,6.6,1.060037523,10.54545455,126.5,1168.4,79.5,NA,0,NA,NA,NA,NA,24.2,52.5,175,10.3,6,129,12,7.909090909
South Africa,SouthernAfrica,1221037,56717,46.8,96.4,314571,1.3,5773,2.4,28.9,68.7,6.1,26.2,67.7,26,0.759410802,125,126,74111,74744,-633,-13644,1.4,64.8,1.6,2.6,1.122994652,3.452380952,541.8103448,1201.9,36.5,8.8,0.8,6,0.952054795,1.267045455,1.484076433,42.2,159.3,581,7.6,53.82417582,7102,122,1.223587224
South Sudan,EasternAfrica,658841,12576,20.6,100.4,13167,2,1067,4.6,58,37.4,NA,NA,NA,NA,NA,NA,NA,2389,750,1640,-935,3.3,18.8,5.1,5.2,1.035120148,8.176470588,123,2231.2,77.7,2.7,NA,1.8,0.70894526,0.536585366,NA,28.5,23.9,49,NA,15,337,2,1.172231986
Spain,SouthernEurope,505944,46354,92.9,96.2,1192955,3.2,25865.4,2.6,23.6,73.7,3.9,19.2,76.8,18.3,0.81152648,102,102,281777,302539,-20762,16208,-0.2,79.6,0.7,1.3,1.07160804,0.581027668,460.8661417,28.8,2.9,9,3.8,4.3,1.010526316,0.996923077,1.176969697,39.1,107.9,617,36.8,45.88235294,1432,102,1
Sri Lanka,SouthernAsia,65610,20877,332.9,92.5,82316,4.8,3973.7,8.7,30.7,60.6,27.4,25.9,46.6,5.2,0.405333333,120,122,10546,19501,-8955,-2009,0.5,18.4,0.8,2.1,1.095505618,1.610738255,193.5,44.2,8.2,3.5,NA,2.2,0.979552093,1.046153846,1.538461538,5.8,112.8,587,33.1,20.44444444,179,20,1.036842105
State of Palestine,WesternAsia,6020,4921,817.4,102.9,12677,3.5,2715.5,4.8,23.4,71.9,8.7,29.8,61.5,24.2,0.263988522,90,90,929,5058,-4128,-1713,2.7,75.3,2.8,4.2,1.052039381,8.608695652,46.45454545,0,20,NA,NA,1.3,0.998940678,1.098484848,1.576811594,NA,77.6,31,1.5,4.666666667,9,15,0.62208589
Sudan,NorthernAfrica,NA,40533,23,99.9,79546,4.9,1977,32.4,20.1,47.6,32.9,20.4,46.7,13.4,0.337950139,NA,NA,1797,7658,-5861,-5933,2.3,33.8,2.5,4.8,1.048309179,7.418181818,387.3076923,3619.6,48.7,8.4,3.1,NA,0.898785425,0.945330296,1.063291139,30.5,70.5,133,NA,38.5,682,16,NA
Suriname,SouthAmerica,163820,563,3.6,100.7,4879,-2.7,8985.3,11.4,27.4,61.1,3.4,22.3,74.3,9.9,0.590379009,152,152,1437,1244,193,-808,1,66,0.8,2.5,1.09439528,2.538461538,5.441860465,0,17.4,5.7,NA,NA,0.977455717,1.267782427,NA,25.5,180.7,83,98.3,0.540540541,44,62,1.109728507
Swaziland,SouthernAfrica,17363,1367,79.5,93.9,4133,1.7,3211.7,6.6,42.1,51.3,22,17,61,25.1,0.623655914,114,115,1881,733,1149,281,1.8,21.3,1.3,3.3,1.127906977,7.75,12.64,1.1,56.3,9.3,NA,7,0.919148936,0.993957704,1.057692308,6.2,73.2,34,33.8,1.2,39,40,1.358490566
Sweden,NorthernEurope,438574,9911,24.2,100.2,495694,4.1,50687.5,1.3,26.3,72.4,1.8,18.2,79.9,7.3,0.892647059,100,100,139574,140838,-1263,23250,0.8,85.8,0.8,1.9,1.04625,0.68627451,97.60714286,348.5,2.4,11.9,4.1,7.7,1.04145937,1.140684411,1.526209677,43.6,130.4,54,68.9,9.644444444,1428,206,1
Switzerland,WesternEurope,41291,8476,214.5,98.2,670790,0.8,80831.1,0.7,25.5,73.8,3.5,20.4,76.1,4.6,0.838926174,106,106,304691,269157,35534,77378,1.2,73.9,1.1,1.5,1.053416149,0.618257261,82.94897959,110.1,3.9,11.7,4.1,5.1,0.997118156,0.965048544,1.028119508,32.5,142,74,31.6,8.209302326,552,126,1
Syrian Arab Republic,WesternAsia,185180,18270,99.5,102.1,28393,-5.3,1534.5,20.7,30,49.3,18.5,39.2,42.3,13.8,0.174894217,65,68,1265,2383,-1118,NA,-2.3,57.7,1.4,3.1,1.184782609,5.382352941,186.212766,6768.5,17.9,3.3,1.5,NA,0.966830467,1,1.138014528,13.2,62.4,132,2.7,18.05882353,237,24,1.058486239
Tajikistan,CentralAsia,142600,8921,63.7,100.9,7853,4.2,925.9,25,28,47.1,57.2,13.4,29.4,10.8,0.76508344,155,172,899,3030,-2132,-472,2.2,26.8,2.6,3.5,1.085672083,6.086206897,85.96875,21.8,38.9,6.9,1.7,5.2,1.014028056,0.898378378,0.714285714,19,98.6,45,3,8.666666667,76,14,1.395802099
Thailand,South-easternAsia,513120,69038,135.1,95.2,395168,2.8,5814.8,9.1,35.7,55.1,34,22.7,43.3,0.6,0.785714286,129,126,213927,195666,18260,32149,0.4,50.4,3,1.5,1.107344633,1.023668639,674.7068966,554.1,11.2,4.1,NA,4.1,0.934967012,0.94494721,1.414814815,4.9,125.8,611,32,67.27659574,3338,83,0.995918367
The former Yugoslav Republic of Macedonia,SouthernEurope,25713,2083,82.6,100,10052,3.8,4836.1,12,27.9,65.1,16.2,29.2,54.5,27.3,0.647492625,111,112,4785,6757,-1972,-204,0.1,57.1,0.1,1.5,1.054644809,0.856410256,20.74603175,1.4,9,6.5,2.8,NA,0.991452991,0.97384807,1.248,31.7,105.4,110,39.6,2.083333333,53,53,1.009100101
Timor-Leste,South-easternAsia,14919,1296,87.2,103.2,2873,4.3,2425.4,5.2,79.9,14.9,50.8,2,47.2,4.3,0.48381295,111,117,94,647,-553,238,2.2,32.8,3.8,5.9,1.051437216,8.074074074,12,0,43.9,1.5,0.1,7.8,0.990545455,1.074224022,NA,38.5,117.4,24,46.9,1.25,143,7,1.573553719
Togo,WesternAfrica,56785,7798,143.4,99.4,4086,5.5,559.4,45.7,19.7,34.6,62.5,8.7,28.7,6.8,1.003717472,140,143,715,1716,-1001,-461,2.6,40,3.8,4.7,1.025728988,9.043478261,72.84210526,13.8,55.7,5.2,NA,5.2,0.947242206,NA,0.429530201,17.6,65,80,3.8,6.5,111,20,2.067873303
Tokelau,Polynesia,12,1,130,100,NA,NA,NA,NA,NA,NA,NA,NA,NA,NA,NA,112,112,0,1,-1,NA,1.9,0,0,2.1,NA,2.319672131,0.012820513,NA,NA,NA,NA,NA,0.944628099,0.93493416,NA,NA,NA,49,0,NA,NA,NA,NA
Tonga,Polynesia,747,108,150,100.7,402,3.8,3784.5,22.4,21.5,56.1,33.3,28.2,38.5,4.8,0.715832206,134,134,14,209,-196,-33,0.4,23.7,0.7,3.8,1.086206897,4.211764706,1.055555556,NA,20.6,5.2,NA,NA,0.989871087,1.090277778,NA,3.8,65.6,79,12.5,0.090909091,0,15,1.001004016
Trinidad and Tobago,Caribbean,5127,1369,266.9,97.1,25927,0.2,19062.9,0.5,42.5,57,4.1,31.6,64.3,4.2,0.715846995,95,95,4576,4826,-249,NA,0.5,8.4,-1.2,1.8,1.103139013,1.38,13.48648649,0.2,24.8,5.9,NA,NA,NA,NA,NA,31,157.7,69,45.4,1.35380117,1663,607,1
Tunisia,NorthernAfrica,163610,11532,74.2,97.6,41199,0.8,3660.9,10.3,27.8,62,11.7,29.4,58.9,14.6,0.352033661,108,108,13483,19456,-5973,-3850,1.2,66.8,1.4,2.3,1.056164384,1.951219512,113.4,0.7,18.5,7,1.6,6.3,0.971502591,1.046666667,1.652671756,31.3,129.9,96,6.6,11.07692308,274,39,1.072961373
Turkey,WesternAsia,783562,80745,104.9,97,717888,4,9125.8,8.6,26.4,65,19.6,27.5,52.9,10.8,0.425770308,120,122,142606,198602,-55996,-32278,1.6,73.4,2,2.1,1.092307692,2.083333333,780.2368421,3006.3,12.6,5.4,1.7,4.8,0.993190661,0.973988439,0.874257426,14.9,96,388,15.1,76.88888889,1303,65,1
Turkmenistan,CentralAsia,488100,5758,12.3,97,37597,6.5,6996.7,13.4,51,35.6,17.9,37.4,44.7,8.6,0.608751609,103,109,3741,2616,1125,NA,1.8,50,1.9,3,1.107981221,4.232876712,53.08108108,7.2,46.9,2.1,2.3,3.1,0.983351831,0.963176064,0.639175258,25.8,145.9,54,8.8,5.302325581,3270,212,NA
Turks and Caicos Islands,Caribbean,948,35,37.3,104.1,863,4.1,25121.8,0.6,10.4,89,NA,NA,NA,NA,NA,NA,NA,4,389,-385,NA,2,92.2,2.5,NA,1.026385224,2.526315789,0.344117647,0,NA,NA,NA,3.3,NA,NA,NA,NA,NA,60,36.2,0.032786885,0,86,NA
Tuvalu,Polynesia,26,11,373.1,102,33,3.5,3362.4,26,7.6,66.4,NA,NA,NA,NA,NA,110,110,0,12,-12,7,0.9,59.7,1.9,3.6,NA,3.141414141,0.071428571,NA,NA,16.5,NA,NA,1.012621359,1.282894737,NA,6.7,40.3,96,33.3,NA,NA,13,1.013402062
Uganda,EasternAfrica,241550,42863,214.5,99,25282,5.4,647.7,25.6,21.5,52.9,72,7.4,20.5,2.4,0.938426454,93,90,2755,3750,NA,-2353,3.4,16.1,5.4,5.9,1.074336283,14.45454545,394.4736842,727.1,60.2,7.2,NA,2.2,1.018365473,0.909465021,0.777777778,34.3,50.4,196,11,52,409,12,1.259894459
Ukraine,EasternEurope,603500,44223,76.3,86,90615,-9.9,2021.6,14,26.3,59.7,15.7,24.6,59.7,8.8,0.774814815,137,137,36369,39184,-2815,-189,-0.5,69.7,-0.3,1.5,1.149773071,0.668103448,447.6759259,1644.8,8.8,7.1,3,5.9,1.022373541,0.98003992,1.155555556,12.3,144,102,16.6,44.56862745,3203,98,0.976482618
United Arab Emirates,WesternAsia,83600,9400,112.4,262.4,370296,3.8,40438.8,0.7,44.9,54.4,3.5,21.1,75.4,3.7,0.459251101,70,70,195613,201908,-6296,NA,2,85.5,2.9,1.8,1.028947368,5.791666667,91.57352941,1.3,6.2,3.6,1.6,NA,0.994001714,NA,NA,20,187.4,56,3.8,9.112068966,8642,366,0.996
United Kingdom,NorthernEurope,242495,66182,273.6,97.4,2858003,2.2,44162.4,0.7,19.4,79.9,1.2,18.4,80.4,5,0.83090379,108,108,415856,635570,-219713,-122571,0.6,82.6,0.9,1.9,1.048101266,0.740585774,647.2045455,151.7,4.1,9.1,2.8,5.7,0.997232472,1.040702314,1.308163265,30,125.8,102,12.9,64.58461538,4482,116,1
United Republic of Tanzania,EasternAfrica,947303,57310,64.7,97.8,45628,7,877.3,31.1,26.1,42.9,66.9,6.4,26.7,2.7,0.888221154,176,180,4742,7876,-3134,-3312,3.1,31.6,5.4,5.2,1.065789474,9.553191489,522.4,402.1,44,5.6,0,3.5,1.029813665,0.913946588,0.510204082,36.4,75.9,1082,52.4,58,935,20,1.696703297
United States of America,NorthernAmerica,9833517,324460,35.5,98,18036648,2.6,56053.8,1,19.7,79.3,1.5,17.2,81.3,4.9,0.817914831,111,113,1453167,2249661,-796494,-462961,0.7,81.6,1,1.9,1.061437908,0.879069767,3215.662069,616.5,6,17.1,2.6,5.4,0.997008973,1.018614271,1.368131868,19.1,117.6,1513,33.9,324.3395062,83887,289,1.012219959
United States Virgin Islands,Caribbean,347,105,299.7,91.1,NA,NA,NA,NA,NA,NA,10.9,24,65.2,9,0.742574257,109,109,NA,NA,NA,NA,-0.2,95.3,0.3,2.3,1.062581486,0.794466403,1.061797753,NA,9.3,NA,NA,NA,NA,NA,NA,NA,NA,58,50.6,NA,NA,NA,1
Uruguay,SouthAmerica,173626,3457,19.8,93.5,53442,1,15573.8,6.8,28,65.2,8.7,20.5,70.8,8.8,0.72870249,129,130,6964,8137,-1173,-1141,0.3,95.3,0.5,2,1.098360656,1.082051282,34.19047619,0.5,12.7,8.6,NA,4.4,0.97723133,1.107419712,NA,20.2,160.2,106,10.4,3.35,113,58,1.064962726
Uzbekistan,CentralAsia,448969,31911,75,99.4,69004,6.8,2308.3,19.2,32.9,47.9,29,23.9,47.1,8.9,0.633159269,158,174,27947,25652,2295,NA,1.6,36.4,1.4,2.4,1.079295154,3.684210526,300.2307692,86.7,31.3,5.8,2.5,NA,0.977272727,0.982438017,0.645454545,16,73.3,59,7.6,29.22222222,2339,62,1.217552534
Vanuatu,Melanesia,12189,276,22.7,102.4,737,-1,2783,26.7,8.4,64.9,61.4,6.8,31.8,5.3,0.766459627,123,122,50,416,-366,-82,2.3,26.1,3.4,3.4,1.060518732,5.358208955,2.666666667,0,24.3,5,0.2,5.5,0.984245439,1.056179775,NA,0,66.2,137,36.1,0.333333333,1,12,1.064585576
Venezuela,SouthAmerica,912050,31977,36.3,99,344331,-6.2,11068.9,5.3,44.7,50,11.9,26.8,61.3,6.6,0.657726692,118,119,19731,16324,3407,-20360,1.4,89,1.5,2.4,1.118741059,2.787878788,312.0888889,174.2,13.8,5.3,NA,NA,0.973346496,1.075144509,NA,22.2,93,328,53.1,30.36065574,7460,90,1.219512195
Viet Nam,South-easternAsia,330967,95541,308.1,98,193241,6.7,2067.9,18.9,37,44.2,41.8,22.9,35.2,2.2,0.887154862,136,134,176632,174111,2520,906,1.1,33.6,3,2,1.135785007,2.081081081,728,11,19.3,7.1,1.2,5.7,0.991765782,NA,1.003472222,26.7,130.6,616,47.2,92.72222222,2977,30,1.022703818
Wallis and Futuna Islands,Polynesia,142,12,84.1,93.4,NA,NA,NA,NA,NA,NA,NA,NA,NA,NA,NA,115,115,1,53,-51,NA,-2.1,0,0,2.1,1.081043956,1.655844156,0.129032258,NA,NA,NA,NA,NA,NA,NA,NA,NA,NA,89,41.6,0,NA,26,NA
Western Sahara,NorthernAfrica,266000,553,2.1,110.1,NA,NA,NA,NA,NA,NA,37.4,27.9,34.7,6.8,0.343337335,100,100,NA,NA,NA,NA,1.8,80.9,3.3,2.6,1.050822123,5.203703704,5.777777778,NA,34.1,NA,NA,NA,NA,NA,NA,NA,NA,49,2.7,NA,NA,NA,NA
Yemen,WesternAsia,527968,28250,53.5,102.1,29688,-28.1,1106.4,14.7,36.9,48.4,32.9,17.9,49.2,16.1,0.355495251,136,137,570,6861,-6291,-3026,2.6,34.6,4,4.4,1.044585987,8.673913043,264.6923077,3371.4,47.2,5.6,0.3,NA,0.841059603,0.68815331,0.445255474,0,68,298,1,25.22222222,668,12,1.548387097
Zambia,EasternAfrica,752612,17094,23,98.5,21255,2.9,1311.1,8.2,32.3,59.5,54.8,9.9,35.3,7.4,0.864029666,179,180,6505,7442,-937,-768,3,40.9,4.3,5.2,1.076521739,12.10810811,159.875,55.3,53.8,5,0.2,NA,1.006776379,NA,0.755555556,18,74.5,88,65.6,15,374,26,1.668615984
Zimbabwe,EasternAfrica,390757,16530,42.7,95,13893,1.1,890.4,13,30.5,56.5,67.5,7.3,25.2,5,0.891428571,99,98,2832,5212,-2379,-1521,2.3,32.4,2.3,4,1.051693405,9.80952381,153.4230769,308.6,46.5,6,0.1,8.4,0.983134921,0.979209979,0.898876404,32.6,84.8,89,37.2,15,482,30,1.441307578
